feature_date;title;prominence_score_total;poster_url
2026-06-04;...nii lendab aeg!;357.1951;https://s.err.ee/photo/orig/2026/06/01/3602071he839.jpg
2026-06-04;100 000 minutit ninapidi koos;193.0499;https://s.err.ee/photo/orig/2024/04/04/2339220hb6e0.jpg
2026-06-04;2 päeva New Yorgis;47.7541;https://s.err.ee/photo/orig/2025/06/06/2892687h7108.jpg
2026-06-04;31. jaoskond;148.6857;https://s.err.ee/photo/orig/2024/02/19/2265393h7bda.jpg
2026-06-04;314 meetrit televisiooni;10.4836;https://s.err.ee/photo/orig/2025/07/08/2933085h46ee.jpg
2026-06-04;4x4;136.2583;https://s.err.ee/photo/orig/2025/01/20/2696242hc1ca.jpg
2026-06-04;ABBA hitid. Koit, Kaire, Dagmar ja Rolf;58.1062;https://s.err.ee/photo/orig/2025/04/21/2830691heda5.jpg
2026-06-04;ABBA. Vastu kõiki ootusi;4.7063;https://s.err.ee/photo/orig/2024/04/30/2375991hba4a.jpg
2026-06-04;AK 70. Maailm Eesti silme läbi;221.3927;https://s.err.ee/photo/orig/2026/03/10/3249467h8d7d.jpg
2026-06-04;Aafrika suurliigid;24.8615;https://s.err.ee/photo/orig/2026/01/19/3159148hd631.jpg
2026-06-04;Aarne Rannamäe. Ajakirjaniku ajastu;23.5296;https://s.err.ee/photo/orig/2021/05/10/1004710hfec0.jpg
2026-06-04;Aasia linnulennult;29.8432;https://s.err.ee/photo/orig/2024/05/03/2378253hca28.jpg
2026-06-04;Aasia salajased elud ja peidetud paigad;17.8593;https://s.err.ee/photo/orig/2024/09/11/2543150hc8e4.jpg
2026-06-04;Aasta Jaapani looduses;139.2998;https://s.err.ee/photo/orig/2025/10/13/3049383h06bd.jpg
2026-06-04;Aasta täht - SADU;28.9902;https://s.err.ee/photo/orig/2025/12/23/3135754hff26.jpg
2026-06-04;Aastad;228.6866;https://s.err.ee/photo/orig/2026/05/25/3595501hfa94.jpg
2026-06-04;Aastavahetuse patrull;9.0254;https://s.err.ee/photo/orig/2024/12/30/2676244h8e24.jpg
2026-06-04;Aaviku aasta;4.3366;https://s.err.ee/photo/orig/2026/02/23/3222818h1b34.jpg
2026-06-04;Abramovitš: oligarh Putini hõlma all;120.7412;https://s.err.ee/photo/orig/2023/11/27/2164963h837a.jpg
2026-06-04;Ada. Rääkimata lugu;102.1558;https://s.err.ee/photo/orig/2023/12/26/2196034h2535.jpg
2026-06-04;Adam Richman sööb nagu jalkafänn;175.8811;https://s.err.ee/photo/orig/2026/04/20/3345292h4877.jpg
2026-06-04;Aedniku kevad;71.1822;https://s.err.ee/photo/orig/2024/05/09/2386374h8994.jpg
2026-06-04;Aedniku suvi;67.3927;https://s.err.ee/photo/orig/2025/06/16/2901510h0709.jpg
2026-06-04;Aedniku sügis;7.7381;https://s.err.ee/photo/orig/2025/09/17/3017409h481b.jpg
2026-06-04;Aedniku talv;33.0236;https://s.err.ee/photo/orig/2026/01/12/3152188h04e9.jpg
2026-06-04;Aeg maha;52.1596;https://s.err.ee/photo/orig/2024/11/06/2606875hec33.jpg
2026-06-04;Aeglaselt põleva maa laulud;8.2741;https://s.err.ee/photo/orig/2026/01/26/3165509hed97.jpg
2026-06-04;Agatha Christie Hjerson;11.2439;https://s.err.ee/photo/orig/2024/01/22/2225322hc9f8.jpg
2026-06-04;Ago Anderson. Rõõm on kõige tähtsam;17.1191;https://s.err.ee/photo/orig/2024/04/05/2339949h762b.jpg
2026-06-04;Agu Sihvka annab aru;33.0508;https://s.err.ee/photo/orig/2021/09/01/1130429hd606.jpg
2026-06-04;Ahvatlev ettepanek;37.3406;https://s.err.ee/photo/orig/2023/06/21/1961186h4f17.jpg
2026-06-04;Ahvatluste tund;82.2775;https://s.err.ee/photo/orig/2025/03/31/2807534h55aa.jpg
2026-06-04;Aino on ainus! Aino Pervik 90;1.8747;https://s.err.ee/photo/orig/2024/04/17/2360523h4208.jpg
2026-06-04;Ainus Anne Veski;64.6902;https://s.err.ee/photo/orig/2026/02/24/3224420h7b02.jpg
2026-06-04;Aita mul seda ise teha. Montessori meetod;18.4032;https://s.err.ee/photo/orig/2024/08/27/2525771hb635.jpg
2026-06-04;Aitäh, et sa minuga juhtusid;48.3099;https://s.err.ee/photo/orig/2024/08/05/2500105h9d38.jpg
2026-06-04;Aja jälg kivis. Meie raadiomajad;209.4751;https://s.err.ee/photo/orig/2024/09/11/2542874hf45c.jpg
2026-06-04;Aja jälg kivis. Pariisi kunstikohvikud;13.5496;https://s.err.ee/photo/orig/2025/03/31/2806709he3b4.jpg
2026-06-04;Ajalugu viie minutiga;14.5465;https://s.err.ee/photo/orig/2021/08/10/1105812heb36.png
2026-06-04;Ajavaod;29.8284;https://s.err.ee/photo/orig/2025/08/21/2981703hd1b5.jpg
2026-06-04;Ajaviitur;161.7275;https://s.err.ee/photo/orig/2026/05/25/3595603h8bfe.jpg
2026-06-04;Ajujaht;16.1635;https://s.err.ee/photo/orig/2023/10/13/2109107h3867.jpg
2026-06-04;Aktuaalne kaamera;540.7632;https://s.err.ee/photo/orig/2025/08/21/2981796hf0e2.jpg
2026-06-04;Aktuaalne kaamera (viipekeeles);43.7315;https://s.err.ee/photo/orig/2023/01/04/1732342h5da5.jpg
2026-06-04;Al Pacino - staar vastu tahtmist;126.6898;https://s.err.ee/photo/orig/2020/08/31/812603h825a.jpg
2026-06-04;Alcarràs;250.7315;https://s.err.ee/photo/orig/2024/05/01/2376177hf3f3.jpg
2026-06-04;"Alexander Ekman, ""Hammer""";6.4023;https://s.err.ee/photo/orig/2024/08/26/2523739h3b75.jpg
2026-06-04;Alissa Imedemaal;25.1763;https://s.err.ee/photo/orig/2025/12/22/3134812h7cee.jpg
2026-06-04;Alo elu;2.8258;https://s.err.ee/photo/orig/2026/04/20/3345223h80a6.jpg
2026-06-04;Alo laulud;8.8251;https://s.err.ee/photo/orig/2026/04/20/3345352hdc91.jpg
2026-06-04;Alo. Surematu;7.4625;https://s.err.ee/photo/orig/2024/08/19/2512285hf8d8.jpg
2026-06-04;Alpimaja;105.0271;https://s.err.ee/photo/orig/2020/04/10/768537hdb34.jpg
2026-06-04;Ameerika pastoraal;24.2954;https://s.err.ee/photo/orig/2026/01/26/3165491ha394.jpg
2026-06-04;Amundsen;29.5877;https://s.err.ee/photo/orig/2025/12/03/3112734h2403.jpg
2026-06-04;Andke neile andeks;8.2741;https://s.err.ee/photo/orig/2024/02/11/2254983hd55b.jpg
2026-06-04;Ankeet;6.4023;https://s.err.ee/photo/orig/2024/08/19/2512678h254d.jpg
2026-06-04;Anna Pihl sõdurirännakul;21.9790;https://s.err.ee/photo/orig/2025/12/01/3109158hd666.jpg
2026-06-04;Anne Veski tuledemeres;29.8284;https://s.err.ee/photo/orig/2026/02/26/3231401hdad2.jpg
2026-06-04;Anne Veski. 40 aastat laval;119.1494;https://s.err.ee/photo/orig/2022/12/31/1729432h4f2e.jpg
2026-06-04;Annika;18.7793;https://s.err.ee/photo/orig/2023/12/02/2170765hba3e.jpg
2026-06-04;Ans. Andur XX – LIVE Sveta Baaris;10.6930;https://s.err.ee/photo/orig/2025/12/23/3135805h5367.jpg
2026-06-04;Antipolis;124.4983;https://s.err.ee/photo/orig/2025/05/05/2848310hfc33.jpg
2026-06-04;Antsla. Sügis 1993;30.6415;https://s.err.ee/photo/orig/2025/08/04/2965779heed3.jpg
2026-06-04;Apaatia;12.6221;https://s.err.ee/photo/orig/2026/02/25/3230303hdf9b.jpg
2026-06-04;Apelsin ei asenda armastust;48.1051;https://s.err.ee/photo/orig/2024/04/01/2333775h55b1.jpg
2026-06-04;Archie;151.0951;https://s.err.ee/photo/orig/2024/02/29/2286636h355a.jpg
2026-06-04;Argentina, äärmuste maa;400.5764;https://s.err.ee/photo/orig/2026/05/12/3576049h4510.jpg
2026-06-04;Arhitekt;22.6634;https://s.err.ee/photo/orig/2024/01/30/2235645h6a90.jpg
2026-06-04;Arhitektuurime;87.2334;https://s.err.ee/photo/orig/2024/02/26/2280249hde94.png
2026-06-04;Armastan sind igavesti;13.8045;https://s.err.ee/photo/orig/2025/09/01/2996340h2491.jpg
2026-06-04;Armastan sind, kuni...;43.2279;https://s.err.ee/photo/orig/2024/01/30/2235648hd1d0.jpg
2026-06-04;Armastus kolme apelsini vastu. Lõpuetendus;92.1956;https://s.err.ee/photo/orig/2021/04/23/989089h581e.jpg
2026-06-04;Armastuse olemus;223.9893;https://s.err.ee/photo/orig/2025/06/16/2901228h76e8.jpg
2026-06-04;Armunud Orphea;120.2899;https://s.err.ee/photo/orig/2024/12/27/2672470hd3d9.jpg
2026-06-04;Arvo Kruusement. Filmirežissöör;5.3335;https://s.err.ee/photo/orig/2020/12/17/866374h6e50.jpg
2026-06-04;Atentaat;76.2754;https://s.err.ee/photo/orig/2026/04/08/3294636h0beb.jpg
2026-06-04;Attenborough ja imelised laulud;120.9655;https://s.err.ee/photo/orig/2026/02/09/3190772he433.jpg
2026-06-04;Attenborough ja sipelgate kuningriik;232.9966;https://s.err.ee/photo/orig/2025/12/23/3135448hb94b.jpg
2026-06-04;August 1991;22.7216;https://s.err.ee/photo/orig/2024/02/21/2270196hd9d6.jpg
2026-06-04;Auschwitzi tätoveerija;161.8722;https://s.err.ee/photo/orig/2024/11/05/2606206hd29f.jpg
2026-06-04;Austusavaldus Tema Majesteedile kuningannale;16.8929;https://s.err.ee/photo/orig/2026/04/13/3300961h311c.jpg
2026-06-04;Baltica '87;629.4359;https://s.err.ee/photo/orig/2026/05/29/3599932h5b1b.jpg
2026-06-04;Baltica '88;691.1697;https://s.err.ee/photo/orig/2026/05/29/3599935had81.jpg
2026-06-04;Banksy. Lindprii kunsti tõus;4.2474;https://s.err.ee/photo/orig/2026/02/10/3196343hda1b.jpg
2026-06-04;Bettany Hughesi suur reisituur: Pariisist Rooma;73.4367;https://s.err.ee/photo/orig/2026/02/19/3215156hbc15.jpg
2026-06-04;Betty diagnoosid;314.5425;https://s.err.ee/photo/orig/2024/09/09/2539742h107e.jpg
2026-06-04;Billy Elliot;271.0688;https://s.err.ee/photo/orig/2025/04/21/2830676h6f5f.jpg
2026-06-04;Blur. Parklive;64.3836;https://s.err.ee/photo/orig/2026/04/07/3293611h4860.jpg
2026-06-04;Borneo töölaager;11.7060;https://s.err.ee/photo/orig/2024/08/05/2500135hc663.jpg
2026-06-04;Bryan Adams Royal Albert Hallis;36.6214;https://s.err.ee/photo/orig/2024/12/30/2676361h43f2.jpg
2026-06-04;Burattino;193.0140;https://s.err.ee/photo/orig/2024/01/02/2201234h04b3.jpg
2026-06-04;Casablanca;82.6042;https://s.err.ee/photo/orig/2025/01/02/2678287h7b5c.jpg
2026-06-04;Cheri lugu;213.8531;https://s.err.ee/photo/orig/2026/05/18/3585775hc3e8.jpg
2026-06-04;Chuck Norris vs Muttika ja Hermaküla;3.8333;https://s.err.ee/photo/orig/2025/02/28/2763251ha161.jpg
2026-06-04;Coco Chanel lahtinööbitult;362.6670;https://s.err.ee/photo/orig/2024/12/23/2668174ha147.jpg
2026-06-04;Con amore;84.1311;https://s.err.ee/photo/orig/2026/05/25/3595534he1f8.jpg
2026-06-04;Cyrillus Kreek. Kuus vaimulikku rahvalaulu;11.2558;https://s.err.ee/photo/orig/2025/12/08/3118411hfeb5.jpg
2026-06-04;Dalgliesh;101.0151;https://s.err.ee/photo/orig/2025/01/20/2695915h57bd.jpg
2026-06-04;Das Boot. Ühe allveelaeva lugu;269.5583;https://s.err.ee/photo/orig/2026/05/04/3498616hea62.jpg
2026-06-04;David Attenborough' värvide maailm;185.2951;https://s.err.ee/photo/orig/2026/05/04/3498133h66df.jpg
2026-06-04;David Garrett: Alive;28.3369;https://s.err.ee/photo/orig/2023/11/10/2144191h7983.jpg
2026-06-04;David Vseviov. Mineviku mõtestaja;44.0199;https://s.err.ee/photo/orig/2022/06/15/1512382h838e.jpg
2026-06-04;Davos 1917;282.7240;https://s.err.ee/photo/orig/2024/12/27/2672551hb337.jpg
2026-06-04;Daytoni pärand: habras rahu Bosnias;25.5741;https://s.err.ee/photo/orig/2023/11/06/2138956h6cbc.jpg
2026-06-04;Dinosaurus;33.0156;https://s.err.ee/photo/orig/2025/09/08/3004272hbc09.jpg
2026-06-04;Disko ja tuumasõda;65.5691;https://s.err.ee/photo/orig/2025/04/07/2815724h11bd.jpg
2026-06-04;Doktor Nadežda;7.4594;https://s.err.ee/photo/orig/2023/11/27/2163994h09fb.jpg
2026-06-04;ENSV;380.0099;https://s.err.ee/photo/orig/2019/12/30/726581h2319.jpg
2026-06-04;ETV 60;220.5001;https://s.err.ee/photo/orig/2026/06/01/3602077h0519.jpg
2026-06-04;ETV Live;52.4408;https://s.err.ee/photo/orig/2023/12/20/2190628h3961.jpg
2026-06-04;ETV kuld;170.6188;https://s.err.ee/photo/orig/2020/04/29/774599h4e0e.jpg
2026-06-04;EV108;179.4175;https://s.err.ee/photo/orig/2026/02/23/3222671h3311.jpg
2026-06-04;EV108 (viipekeelse tõlkega);5.0580;https://s.err.ee/photo/orig/2026/02/23/3222677h9a60.jpg
2026-06-04;EV108. Peaministri aastapäevakõne Tartus;3.9138;https://s.err.ee/photo/orig/2026/02/22/3221822hf0da.png
2026-06-04;EV108. Peaministri aastapäevakõne Tartus (eesti viipekeeles);3.7181;https://s.err.ee/photo/orig/2026/02/22/3221825h9dc0.png
2026-06-04;Eelarvamuslik suhtumine;13.1143;https://s.err.ee/photo/orig/2023/11/15/2150800hec3f.jpg
2026-06-04;Eesriide taga. Vermeeri saladus;31.3983;https://s.err.ee/photo/orig/2026/02/02/3175799hf97a.jpg
2026-06-04;Eesti (täielik ja kontrollitud) ajalugu;324.6242;https://s.err.ee/photo/orig/2025/04/13/2822126h1da4.jpg
2026-06-04;Eesti Keeled;8.2741;https://s.err.ee/photo/orig/2023/06/21/1961876h8558.jpg
2026-06-04;Eesti Kontserdi ja Rémy Martin'i uusaastakontsert;18.7993;https://s.err.ee/photo/orig/2025/12/24/3136696hae53.jpg
2026-06-04;Eesti Laul 2025;49.8188;https://s.err.ee/photo/orig/2025/02/21/2748164h3be7.jpg
2026-06-04;Eesti Laul 2026;32.9338;https://s.err.ee/photo/orig/2026/02/13/3201664ha2e0.jpg
2026-06-04;Eesti Laul 2026. Etteasted ja muusikavideod;142.3499;https://s.err.ee/photo/orig/2026/02/13/3201748h9e82.jpg
2026-06-04;Eesti Laul 2026. Finaali eel;6.9325;https://s.err.ee/photo/orig/2026/02/09/3194345hf485.jpg
2026-06-04;Eesti Rotary lugu;128.2623;https://s.err.ee/photo/orig/2021/10/05/1172697h29e2.jpg
2026-06-04;Eesti Televisioon;133.5958;https://s.err.ee/photo/orig/2026/01/12/3152215h7ed6.jpg
2026-06-04;Eesti aja lood;24.2954;https://s.err.ee/photo/orig/2024/03/06/2297007h724b.jpg
2026-06-04;Eesti eurolaulud viipekeeles;29.8544;https://s.err.ee/photo/orig/2026/05/12/3575926h7e67.jpg
2026-06-04;Eesti filmi- ja teleauhinnad 2026;109.3841;https://s.err.ee/photo/orig/2026/04/20/3345328h4a7b.jpg
2026-06-04;Eesti laul 2026 (eesti viipekeeles);2.5965;https://s.err.ee/photo/orig/2026/02/13/3201670h41e8.jpg
2026-06-04;Eesti lipp ümber...;6.0822;https://s.err.ee/photo/orig/2025/10/13/3048279h51ca.jpg
2026-06-04;Eesti lood;1090.0385;https://s.err.ee/photo/orig/2026/01/19/3159268h274b.jpg
2026-06-04;Eesti mees sõdades;15.5703;https://s.err.ee/photo/orig/2024/02/21/2270517he7ce.jpg
2026-06-04;Eesti mäng;232.8543;https://s.err.ee/photo/orig/2024/10/22/2589934ha2c1.jpg
2026-06-04;Eesti pilvepiirilt;199.4102;https://s.err.ee/photo/orig/2024/02/22/2271618h03cc.jpg
2026-06-04;Eesti rula lugu. Täispikk versioon;19.7887;https://s.err.ee/photo/orig/2025/02/28/2763038hd576.jpg
2026-06-04;Eesti teatri auhinnad 2026;45.3961;https://s.err.ee/photo/orig/2026/03/24/3274866hfecf.jpg
2026-06-04;Eesti tänab 2026. Riiklike teenetemärkide üleandmine;10.2943;https://s.err.ee/photo/orig/2026/02/23/3222728hc4a3.jpg
2026-06-04;Eestlanna Pariisis;320.9338;https://s.err.ee/photo/orig/2024/02/02/2240580h4474.jpg
2026-06-04;Eestlased nullist sajani;4.1198;https://s.err.ee/photo/orig/2026/02/23/3222890h2bbb.jpg
2026-06-04;Ei meelest läe mul iial. Eesti filmilaulud;160.7912;https://s.err.ee/photo/orig/2025/06/16/2901255h8486.jpg
2026-06-04;Ei mingit kahtlust;24.2954;https://s.err.ee/photo/orig/2024/07/18/2477770h5f22.jpg
2026-06-04;Eine murul;188.6514;https://s.err.ee/photo/orig/2024/09/23/2555344h17ee.jpg
2026-06-04;Ekraaniproovid Köler Prize'ile 2026;134.5098;https://s.err.ee/photo/orig/2026/05/25/3596143h0e41.jpg
2026-06-04;Elisabet Reinsalu. Sõnateatri näitleja elulaval;92.6567;https://s.err.ee/photo/orig/2026/05/04/3483937hcf67.jpg
2026-06-04;Elizabeth Taylor. Mässajast superstaar;58.1779;https://s.err.ee/photo/orig/2024/12/16/2657164h39a8.jpg
2026-06-04;Ellis;54.4538;https://s.err.ee/photo/orig/2026/03/03/3236576h8554.jpg
2026-06-04;Elu allpool nulli;287.9976;https://s.err.ee/photo/orig/2026/01/06/3146140h0083.jpg
2026-06-04;Elu maitse;14.3349;https://s.err.ee/photo/orig/2024/03/11/2303382hb800.jpg
2026-06-04;Elu on töö on elu;128.5307;https://s.err.ee/photo/orig/2024/02/19/2265615hdc2e.jpg
2026-06-04;Elu parim nali;6.4023;https://s.err.ee/photo/orig/2024/04/01/2333448h1fff.jpg
2026-06-04;Elu täis roose;23.7627;https://s.err.ee/photo/orig/2021/03/01/941254h1495.jpg
2026-06-04;Elu võimalikkusest maal;334.4601;https://s.err.ee/photo/orig/2024/03/18/2312601ha304.jpg
2026-06-04;Elu õpetaja;3.4596;https://s.err.ee/photo/orig/2025/12/23/3135385h2e18.jpg
2026-06-04;Elukaaslased;206.0735;https://s.err.ee/photo/orig/2024/01/07/2205442h7a15.jpg
2026-06-04;Eluvool. Jõe lugu;357.3117;https://s.err.ee/photo/orig/2026/05/25/3596035h088c.jpg
2026-06-04;Ema valik;10.1476;https://s.err.ee/photo/orig/2023/10/12/2108309h7bea.jpg
2026-06-04;Emadepäev. Metsikud emad;113.9187;https://s.err.ee/photo/orig/2024/05/09/2386164hfb4d.jpg
2026-06-04;Emadepäeva kontsert;23.0806;https://s.err.ee/photo/orig/2024/05/09/2386356h49a3.jpg
2026-06-04;Emalõvi;174.8453;https://s.err.ee/photo/orig/2026/05/04/3484651h3b77.jpg
2026-06-04;Enam kui elu;22.2003;https://s.err.ee/photo/orig/2026/01/20/3160136h60b8.jpg
2026-06-04;Erakordsed Šveitsi mägiraudteed;111.6353;https://s.err.ee/photo/orig/2025/01/09/2685115hbe9d.jpg
2026-06-04;Erika;21.9266;https://s.err.ee/photo/orig/2025/08/21/2981670hd540.jpg
2026-06-04;Erinnüsed;50.2235;https://s.err.ee/photo/orig/2024/11/11/2614831h993d.jpg
2026-06-04;Esimene kapitalist;6.4686;https://s.err.ee/photo/orig/2023/10/09/2104256h1350.jpg
2026-06-04;Esimene stuudio;362.9207;https://s.err.ee/photo/orig/2025/02/04/2717687hc686.jpg
2026-06-04;Esimesed päevad;7.8520;https://s.err.ee/photo/orig/2024/04/23/2367720h3974.jpg
2026-06-04;Esimesed pääsukesed;9.6402;https://s.err.ee/photo/orig/2025/02/17/2739869h0a0d.jpg
2026-06-04;Esto TV;10.6930;https://s.err.ee/photo/orig/2025/02/05/2719793h9a97.jpg
2026-06-04;Ettevaatust, habras! Brenne'i järved;33.0367;https://s.err.ee/photo/orig/2026/04/27/3399640h2091.jpg
2026-06-04;Etüüdid modelliga;5.2147;https://s.err.ee/photo/orig/2024/10/02/2565938hfe2e.jpg
2026-06-04;Euroopa Mäng;23.1456;https://s.err.ee/photo/orig/2024/04/11/2348460h0518.jpg
2026-06-04;Euroopa päeva kontsert;16.1181;https://s.err.ee/photo/orig/2024/05/07/2383320h005b.jpg
2026-06-04;Eurovisioon 2001 Kopenhaagenis: Lava taga;9.6505;https://s.err.ee/photo/orig/2026/05/16/3582607h0c1a.jpg
2026-06-04;Eurovisiooni laulud;75.8707;https://s.err.ee/photo/orig/2026/04/27/3399490h7b4c.jpg
2026-06-04;Eurovisiooni laulud 2026;7.8604;https://s.err.ee/photo/orig/2026/04/02/3288447he901.jpg
2026-06-04;Eurovisiooni laulud 2026 (eesti viipekeeles);23.7277;https://s.err.ee/photo/orig/2026/05/13/3577393h8855.jpg
2026-06-04;Eurovisiooni lauluvõistlus 2026;549.2946;https://s.err.ee/photo/orig/2026/05/12/3575287hf789.jpg
2026-06-04;Eurovisioonid;15.0740;https://s.err.ee/photo/orig/2026/05/11/3574168h2950.jpg
2026-06-04;Eve Kivi. Diivana elatud elu;30.3066;https://s.err.ee/photo/orig/2024/05/07/2383011h790d.jpg
2026-06-04;Film filmist: Kinnunen;2.1865;https://s.err.ee/photo/orig/2026/04/20/3345331h2bb1.jpg
2026-06-04;Filmikunst 100. Viimasest seansist esimeseni;1.2437;https://s.err.ee/photo/orig/2026/04/13/3300904h9623.jpg
2026-06-04;"Filmisaade ""Jupiter"" – Ahto Vesmes";10.4905;https://s.err.ee/photo/orig/2026/04/20/3308770h2f51.jpg
2026-06-04;Folgialbum. Rahvusvaheline pärimuspidu Baltica - Läti;209.4751;https://s.err.ee/photo/orig/2023/10/31/2130538hd336.jpg
2026-06-04;Folklooripidu Setumaal;703.6613;https://s.err.ee/photo/orig/2026/05/29/3599992hef12.jpg
2026-06-04;Foto;80.1709;https://s.err.ee/photo/orig/2024/08/21/2518318hd5d5.jpg
2026-06-04;Giovannid;29.7966;https://s.err.ee/photo/orig/2023/11/27/2165641hee38.jpg
2026-06-04;Gloria Palace läbi sajandi;8.7096;https://s.err.ee/photo/orig/2025/12/20/3132409h2ef1.jpg
2026-06-04;Gloria!;42.8485;https://s.err.ee/photo/orig/2026/03/30/3282966h4d49.jpg
2026-06-04;Grace;634.9591;https://s.err.ee/photo/orig/2024/10/18/2585788h57ff.jpg
2026-06-04;Grand Dorado;42.7134;https://s.err.ee/photo/orig/2025/06/21/2907222h5a69.jpg
2026-06-04;Grantchester;446.2021;https://s.err.ee/photo/orig/2026/05/25/3595837h94da.jpg
2026-06-04;Guernsey Kirjandus- ja Kartulikoorepiruka Selts;25.2766;https://s.err.ee/photo/orig/2024/02/11/2255262h12bb.jpg
2026-06-04;Hajameelselt abielus;176.3229;https://s.err.ee/photo/orig/2026/02/09/3190805h25f9.jpg
2026-06-04;Hakkab jälle pihta;99.4468;https://s.err.ee/photo/orig/2024/05/07/2383338hd550.jpg
2026-06-04;Harald ja Sonja;124.9328;https://s.err.ee/photo/orig/2026/02/26/3230702h5d93.jpg
2026-06-04;Head inimesed;16.9664;https://s.err.ee/photo/orig/2025/12/19/3131434h705f.jpg
2026-06-04;Head ööd, väike sõber!;82.7500;https://s.err.ee/photo/orig/2025/07/14/2942241h3fed.jpg
2026-06-04;Hercule Poirot;575.5187;https://s.err.ee/photo/orig/2023/12/19/2188048h1688.jpg
2026-06-04;Hernehirmutised;41.1114;https://s.err.ee/photo/orig/2026/05/04/3482746hd8ac.jpg
2026-06-04;Hetk ajaloos;44.9615;https://s.err.ee/photo/orig/2026/02/02/3175013h0e80.jpg
2026-06-04;Heureka;16.1181;https://s.err.ee/photo/orig/2025/03/13/2778317h248e.jpg
2026-06-04;Hiidude ajastu;92.2019;https://s.err.ee/photo/orig/2024/04/30/2375613h8caa.jpg
2026-06-04;Hiilgus;193.3509;https://s.err.ee/photo/orig/2024/05/14/2395911h7eed.jpg
2026-06-04;Hiina - iidne looduse kuningriik;120.5505;https://s.err.ee/photo/orig/2023/09/15/2078189h7411.jpg
2026-06-04;Hiirelõks kassile;46.2226;https://s.err.ee/photo/orig/2024/09/03/2533643h4e92.jpg
2026-06-04;Hitleri toidumaitsjad;139.4724;https://s.err.ee/photo/orig/2026/04/27/3399637h6e60.jpg
2026-06-04;Hollywoodi gala;13.8192;https://s.err.ee/photo/orig/2024/03/07/2298009h2864.jpg
2026-06-04;Homme põgeneme;43.4416;https://s.err.ee/photo/orig/2024/05/31/2420727hf1d0.png
2026-06-04;Homme saabub paradiis;11.2558;https://s.err.ee/photo/orig/2021/01/11/886249hfb1c.jpg
2026-06-04;Hommik Anuga;296.5140;https://s.err.ee/photo/orig/2024/10/02/2565956hbbf5.jpg
2026-06-04;Hotell Portofino;158.2671;https://s.err.ee/photo/orig/2023/11/23/2161036h413e.jpg
2026-06-04;Hundiseadus;36.5740;https://s.err.ee/photo/orig/2024/12/10/2649241h1c40.jpg
2026-06-04;Huumoriklubi esitleb: Jan Uuspõllu röst;22.5413;https://s.err.ee/photo/orig/2025/12/19/3131602he37a.jpg
2026-06-04;Huviline filmikaamera;85.5890;https://s.err.ee/photo/orig/2024/08/13/2508175h6938.jpg
2026-06-04;Huvitaja. Pärimuspidu Baltica;199.0013;https://s.err.ee/photo/orig/2026/05/29/3599704h6133.jpg
2026-06-04;Hämmastavad taimed;7.3512;https://s.err.ee/photo/orig/2025/03/24/2796932hcd9b.jpg
2026-06-04;Härra Barnett;5.7781;https://s.err.ee/photo/orig/2025/06/16/2901237h609c.jpg
2026-06-04;Härra Eikeegi Putini vastu;276.9331;https://s.err.ee/photo/orig/2026/05/04/3482677h2969.jpg
2026-06-04;Hääled küngaste taga;3.6519;https://s.err.ee/photo/orig/2024/05/09/2386362ha8ba.jpg
2026-06-04;Igavesti noored;14.3203;https://s.err.ee/photo/orig/2024/04/22/2365524hac3b.jpg
2026-06-04;Igihaljas vaatemäng;5.4892;https://s.err.ee/photo/orig/2024/04/01/2333484hde31.jpg
2026-06-04;Ikoonide maailm;138.3636;https://s.err.ee/photo/orig/2025/04/14/2823311h04f2.jpg
2026-06-04;Ilmsi või unes. Ivo Uukkivi;42.7134;https://s.err.ee/photo/orig/2025/10/08/3042807he748.jpg
2026-06-04;Iluuisutamise MM Prahas;11.2558;https://s.err.ee/photo/orig/2026/03/23/3273441h7803.jpg
2026-06-04;Imehea;40.0275;https://s.err.ee/photo/orig/2026/02/26/3230747h8fbb.jpg
2026-06-04;Impulss;494.1094;https://s.err.ee/photo/orig/2025/09/01/2996262he6c9.jpg
2026-06-04;Ingeborg Bachmann – teekond kõrbe;168.0012;https://s.err.ee/photo/orig/2026/04/20/3308497hfb4d.jpg
2026-06-04;Ingerimaale;15.3122;https://s.err.ee/photo/orig/2025/12/18/3129625hbe67.jpg
2026-06-04;Inimeselt inimesele;6.6345;https://s.err.ee/photo/orig/2025/09/08/3004677h1823.jpg
2026-06-04;Intermezzo;7.8604;https://s.err.ee/photo/orig/2024/02/11/2254965ha5ed.jpg
2026-06-04;Intiimne linn;25.5741;https://s.err.ee/photo/orig/2026/02/10/3196322he2e9.jpg
2026-06-04;Iraan Iisraeli vastu: vägikaikavedu;6.0822;https://s.err.ee/photo/orig/2026/03/09/3247868h6edb.jpg
2026-06-04;Iraan, Iisrael ja tuumapomm;15.3122;https://s.err.ee/photo/orig/2026/04/03/3288987h5339.jpg
2026-06-04;Isa;13.6043;https://s.err.ee/photo/orig/2025/11/03/3074574h0a43.jpg
2026-06-04;Isa Brown;754.0575;https://s.err.ee/photo/orig/2026/05/29/3599596hbefa.jpg
2026-06-04;Issi on näärivana;25.5469;https://s.err.ee/photo/orig/2025/12/24/3136819hd129.jpg
2026-06-04;Ivalo;270.5627;https://s.err.ee/photo/orig/2026/05/25/3595567h8f6f.jpg
2026-06-04;Ja kuningas ütles, kui imeline masin;205.9819;https://s.err.ee/photo/orig/2026/05/11/3574123h5fca.jpg
2026-06-04;Jaak Joala;59.3206;https://s.err.ee/photo/orig/2025/06/20/2906112h0e1a.jpg
2026-06-04;Jaak Joala 70. Juubelikontsert Naerata;8.7096;https://s.err.ee/photo/orig/2024/02/23/2273430hf3da.jpg
2026-06-04;Jaak Joala jäljed tähetolmus;13.1283;https://s.err.ee/photo/orig/2020/06/25/791282h82cd.jpg
2026-06-04;Jaan Tätte. Sõbrad, teiega on hea;79.0462;https://s.err.ee/photo/orig/2024/08/08/2502820h2706.jpg
2026-06-04;Jaanid;10.0004;https://s.err.ee/photo/orig/2024/05/06/2381511ha166.jpg
2026-06-04;Jaanipäev Setumaal;379.1054;https://s.err.ee/photo/orig/2025/06/20/2906211h6968.jpg
2026-06-04;Jaanuari kaks palet;437.6789;https://s.err.ee/photo/orig/2026/05/18/3585832hd232.jpg
2026-06-04;Jack Garfein: vastuvoolu;12.6819;https://s.err.ee/photo/orig/2026/04/20/3311962hd2a2.jpg
2026-06-04;Jacob Collier Baloise Sessionil;179.5478;https://s.err.ee/photo/orig/2025/03/31/2807549hcafd.jpg
2026-06-04;Jaht Monteperdidos;12.4586;https://s.err.ee/photo/orig/2024/03/25/2321652hc1d0.jpg
2026-06-04;Jalgpalli maavõistlused;44.9615;https://s.err.ee/photo/orig/2024/06/03/2424296ha176.jpg
2026-06-04;Jan Uuspõld ja Ago Anderson. Piiri peal;61.1644;https://s.err.ee/photo/orig/2024/03/11/2303367hbd7b.jpg
2026-06-04;Jana - igaveseks märgitud;204.3167;https://s.err.ee/photo/orig/2026/05/04/3483070he5c9.jpg
2026-06-04;Jane Austeni raamatuklubi;543.3266;https://s.err.ee/photo/orig/2026/05/25/3595954h5768.jpg
2026-06-04;Jane Eyre;56.7492;https://s.err.ee/photo/orig/2020/06/08/786604h48ed.jpg
2026-06-04;Joanna Lumley Siiditee seiklus;54.4455;https://s.err.ee/photo/orig/2026/03/16/3260144h5010.jpg
2026-06-04;Joanna Lumley Suurbritannia avastusretk;389.7535;https://s.err.ee/photo/orig/2024/07/05/2463449hc075.jpg
2026-06-04;Joaquin Phoenix, tundekunst;21.1238;https://s.err.ee/photo/orig/2026/04/07/3293596hb669.jpg
2026-06-04;Johannese lähetamine;147.1631;https://s.err.ee/photo/orig/2026/01/14/3153877hc9cc.jpg
2026-06-04;Jonas Deichmann - piire ületades;234.3313;https://s.err.ee/photo/orig/2023/10/06/2101310hfdec.jpg
2026-06-04;Juhan Peegel. Esimesed 100 aastat;45.1006;https://s.err.ee/photo/orig/2022/10/03/1636084hcf02.jpg
2026-06-04;Juhan Viiding 75 täispikad intervjuud;331.4741;https://s.err.ee/photo/orig/2023/07/07/1989401h4f8b.jpg
2026-06-04;Juhan Viiding. Eesti Hamlet;303.6443;https://s.err.ee/photo/orig/2025/05/26/2878470h0492.jpg
2026-06-04;Jumalaga rock'n'roll;132.2969;https://s.err.ee/photo/orig/2023/12/28/2197174h1a96.jpg
2026-06-04;Jumalik ettehoole;8.5741;https://s.err.ee/photo/orig/2025/12/16/3125866h268b.jpg
2026-06-04;Jurõk;15.1556;https://s.err.ee/photo/orig/2023/08/22/2044871hd753.png
2026-06-04;Juurdlust toimetab Lucy Worsley;82.0923;https://s.err.ee/photo/orig/2026/03/03/3236339h0d82.jpg
2026-06-04;Jäine planeet II;294.2677;https://s.err.ee/photo/orig/2025/12/03/3112794h6581.jpg
2026-06-04;Jälg;6.7321;https://s.err.ee/photo/orig/2020/05/20/780608h6856.jpg
2026-06-04;Järelkuma;21.9032;https://s.err.ee/photo/orig/2025/01/20/2695891h65e0.jpg
2026-06-04;Jäähoki MM I divisjon;138.9700;https://s.err.ee/photo/orig/2022/04/25/1447807h1bbd.jpg
2026-06-04;Jääkaru;6.6345;https://s.err.ee/photo/orig/2024/01/19/2221794hade4.jpg
2026-06-04;Jääkütid;21.0596;https://s.err.ee/photo/orig/2025/01/13/2689351h3c4c.jpg
2026-06-04;Jõulud Inglismaa aadlimõisates;17.5853;https://s.err.ee/photo/orig/2023/12/29/2198914h001f.jpg
2026-06-04;Jüri Rumm;54.9972;https://s.err.ee/photo/orig/2024/06/17/2440205h545c.jpg
2026-06-04;KAMP Arhitektid. Mõtteruum;138.0325;https://s.err.ee/photo/orig/2026/05/18/3585703h3ae7.jpg
2026-06-04;Kaalukeelte laulud;10.1584;https://s.err.ee/photo/orig/2026/02/09/3193244h9230.jpg
2026-06-04;Kadumise lühikursus lühifilmid;12.9241;https://s.err.ee/photo/orig/2025/10/27/3066726h0a67.jpg
2026-06-04;Kadumiste kolmnurk;131.6342;https://s.err.ee/photo/orig/2026/03/25/3275427h6302.jpg
2026-06-04;Kadunud;637.8295;https://s.err.ee/photo/orig/2025/07/21/2953725hfdd6.jpg
2026-06-04;Kadunud poeg;59.8981;https://s.err.ee/photo/orig/2026/03/25/3276114hc70d.jpg
2026-06-04;Kadunud pruut;16.1009;https://s.err.ee/photo/orig/2024/11/28/2636203hf112.jpg
2026-06-04;Kahe sõbra lood;97.3618;https://s.err.ee/photo/orig/2024/03/25/2321817hb69a.jpg
2026-06-04;Kahtluste võrk;145.9643;https://s.err.ee/photo/orig/2025/04/07/2815697h49a9.jpg
2026-06-04;Kaitsmas Euroopat;277.9285;https://s.err.ee/photo/orig/2026/05/25/3595489h9700.jpg
2026-06-04;Kaks tuhat kakskümmend kuus;1185.5519;https://s.err.ee/photo/orig/2026/05/29/3599536he819.jpg
2026-06-04;Kakskümmend neli keelt, üks Euroopa;12.2779;https://s.err.ee/photo/orig/2024/12/02/2640649h40cc.jpg
2026-06-04;Kaktusehotell;18.5069;https://s.err.ee/photo/orig/2024/09/16/2547407haf50.jpg
2026-06-04;Kalamaja blues;192.3167;https://s.err.ee/photo/orig/2025/02/06/2720669ha380.jpg
2026-06-04;Kaleva hääled;37.6482;https://s.err.ee/photo/orig/2023/07/21/2004692h8f97.jpg
2026-06-04;Kalifaat;684.9441;https://s.err.ee/photo/orig/2023/10/06/2101427h4572.jpg
2026-06-04;Kallid reisijad;49.7035;https://s.err.ee/photo/orig/2026/03/31/3284145hceef.jpg
2026-06-04;Kallis Härra Q;23.9175;https://s.err.ee/photo/orig/2024/06/14/2436779h9624.jpg
2026-06-04;Kanada Trumpi vastu;23.1945;https://s.err.ee/photo/orig/2026/04/13/3300760h86e1.jpg
2026-06-04;Kangelase naasmine;67.7101;https://s.err.ee/photo/orig/2024/02/01/2238180h6546.jpg
2026-06-04;Kantaat Linnateatrile;8.8542;https://s.err.ee/photo/orig/2026/02/09/3194354hf0ab.jpg
2026-06-04;Kapsapea;47.4366;https://s.err.ee/photo/orig/2025/08/04/2965743h9bbd.jpg
2026-06-04;Karavan liigub edasi;6.0822;https://s.err.ee/photo/orig/2024/11/20/2625685hd261.jpg
2026-06-04;Kariibi mere aare;26.2202;https://s.err.ee/photo/orig/2025/09/04/3000384hda25.jpg
2026-06-04;Karl ja Marilyn;599.6310;https://s.err.ee/photo/orig/2025/01/09/2685130h0989.jpg
2026-06-04;Karu südame jälgedes;10.1870;https://s.err.ee/photo/orig/2026/05/18/3586048h4447.jpg
2026-06-04;Karulood;15.0740;https://s.err.ee/photo/orig/2024/08/19/2512093h46c4.jpg
2026-06-04;Kas Euroopa on Putinil peos?;47.7144;https://s.err.ee/photo/orig/2025/03/31/2806604h4521.jpg
2026-06-04;Kas oskame hoida ühte...;35.5222;https://s.err.ee/photo/orig/2025/08/12/2971590h6faf.jpg
2026-06-04;Kasakad. Läbi ja lõhki väljamõeldud lugu;23.0560;https://s.err.ee/photo/orig/2025/02/11/2727986hf78c.jpg
2026-06-04;Katused ja korstnad;4.8769;https://s.err.ee/photo/orig/2025/07/14/2941827ha66a.jpg
2026-06-04;Kelly: kellegi teise unistus;42.7134;https://s.err.ee/photo/orig/2025/02/17/2739863h4e9f.jpg
2026-06-04;Kena nägu;40.5345;https://s.err.ee/photo/orig/2025/12/01/3109101hca59.jpg
2026-06-04;Kersna kõnnib Kadriorus;43.2478;https://s.err.ee/photo/orig/2026/04/28/3418780h910f.jpg
2026-06-04;Kes tappis Otto Mülleri?;274.6306;https://s.err.ee/photo/orig/2024/04/29/2374554h882c.jpg
2026-06-04;Keskpäev;90.5058;https://s.err.ee/photo/orig/2025/08/21/2981718hfa85.jpg
2026-06-04;Kevad südames;55.2009;https://s.err.ee/photo/orig/2024/06/04/2425856h2e64.jpg
2026-06-04;Kevadine kärbes;37.9493;https://s.err.ee/photo/orig/2024/03/28/2328897h031e.jpg
2026-06-04;Kihnlased;588.1316;https://s.err.ee/photo/orig/2026/05/29/3600007h50eb.jpg
2026-06-04;Kihnu maraton;12.2779;https://s.err.ee/photo/orig/2025/10/20/3058314hd345.jpg
2026-06-04;Kiirabi;25.5469;https://s.err.ee/photo/orig/2023/09/04/2063582h26c2.jpg
2026-06-04;Kild minu südamest;86.7520;https://s.err.ee/photo/orig/2025/01/27/2703833h1687.jpg
2026-06-04;Kim Novak. Vertiigo;12.3091;https://s.err.ee/photo/orig/2026/03/16/3260105h109e.jpg
2026-06-04;Kingitus orbiidilt;248.8839;https://s.err.ee/photo/orig/2023/12/04/2172322h3b44.jpg
2026-06-04;Kinnunen;34.3516;https://s.err.ee/photo/orig/2026/01/26/3165545h4514.jpg
2026-06-04;Kirbuturu lood;8.2741;https://s.err.ee/photo/orig/2020/11/11/840157hd875.jpg
2026-06-04;Kirjad emale;10.6930;https://s.err.ee/photo/orig/2026/04/13/3301042hfb37.jpg
2026-06-04;Kirjanike radadel Richard E. Grantiga;876.0769;https://s.err.ee/photo/orig/2024/01/16/2216559hbe23.jpg
2026-06-04;Kirsitubakas;189.6805;https://s.err.ee/photo/orig/2024/05/23/2408946hefbd.jpg
2026-06-04;Klass: elu pärast;64.8423;https://s.err.ee/photo/orig/2023/10/06/2101064h7782.jpg
2026-06-04;Klassikatelevisioon;275.6251;https://s.err.ee/photo/orig/2020/07/17/798848h55e9.jpg
2026-06-04;Klassikatähed;13.8581;https://s.err.ee/photo/orig/2025/09/26/3029760h2b94.jpg
2026-06-04;Kliimakatastroof: surmav uputus;5.9876;https://s.err.ee/photo/orig/2024/04/30/2375595hb7f3.jpg
2026-06-04;Kodu;22.4657;https://s.err.ee/photo/orig/2026/02/04/3179465h6862.jpg
2026-06-04;Kodu on koht, kus ma kunagi olnud ei ole;44.5053;https://s.err.ee/photo/orig/2026/04/13/3301093h9697.jpg
2026-06-04;Kodukäijad;309.0510;https://s.err.ee/photo/orig/2024/06/06/2428484hbcc7.jpg
2026-06-04;Kodulinn;35.3937;https://s.err.ee/photo/orig/2025/10/24/3064230h480b.jpg
2026-06-04;Kodulinna head vaimud;914.6604;https://s.err.ee/photo/orig/2025/10/21/3059985h32fc.jpg
2026-06-04;Kohtumine Roomas;6.6345;https://s.err.ee/photo/orig/2025/03/17/2785460hbd1a.jpg
2026-06-04;Kohtumine tundmatuga;57.1700;https://s.err.ee/photo/orig/2024/11/19/2624053h0b49.jpg
2026-06-04;Kohtumispaik - ülikool;2.3016;https://s.err.ee/photo/orig/2023/10/05/2099741hfe47.jpg
2026-06-04;Koit ja Hämarik;57.8855;https://s.err.ee/photo/orig/2025/12/24/3136834h37ef.jpg
2026-06-04;Kokkutulek;92.8544;https://s.err.ee/photo/orig/2026/02/09/3192542h9d4a.jpg
2026-06-04;Koleilus 2020;15.3122;https://s.err.ee/photo/orig/2024/12/31/2676694hced8.jpg
2026-06-04;Kolm kaunitari. Nunnatorn, Saunatorn, Kuldjala torn;7.8604;https://s.err.ee/photo/orig/2026/03/16/3261215he8a8.jpg
2026-06-04;Kolm rubiini;160.5262;https://s.err.ee/photo/orig/2020/07/22/800202h1090.jpg
2026-06-04;Kolme katku vahel;9.6505;https://s.err.ee/photo/orig/2024/03/28/2328900h23d6.jpg
2026-06-04;Kolmest kaheteistkümneni;18.5481;https://s.err.ee/photo/orig/2025/12/08/3118090h43d9.jpg
2026-06-04;Koomikud ja küsimused;21.9883;https://s.err.ee/photo/orig/2024/12/30/2675992h62b6.jpg
2026-06-04;Kord olid niidud - Kiidjärve laulud;59.7658;https://s.err.ee/photo/orig/2026/02/23/3222938hb6eb.jpg
2026-06-04;Korporatiivne toit;186.2228;https://s.err.ee/photo/orig/2025/04/30/2843006h1305.jpg
2026-06-04;Korvpalli valikmängud;6.2099;https://s.err.ee/photo/orig/2025/11/27/3104247h2013.jpg
2026-06-04;Kreisiraadio;19.7887;https://s.err.ee/photo/orig/2024/12/02/2640676he993.jpg
2026-06-04;Krevetipüük hobustel;67.9099;https://s.err.ee/photo/orig/2025/05/07/2850203hb9a6.jpg
2026-06-04;Kristjan Raud;8.5741;https://s.err.ee/photo/orig/2025/10/21/3059979ha5b6.jpg
2026-06-04;Kroonu onu;52.4408;https://s.err.ee/photo/orig/2026/05/04/3498733h873b.jpg
2026-06-04;Krüptovale;11.8483;https://s.err.ee/photo/orig/2025/01/20/2695867h82b5.jpg
2026-06-04;Kui kardad, naerata;17.8403;https://s.err.ee/photo/orig/2025/12/15/3124954hf96c.jpg
2026-06-04;Kuidas loomad üksteisega räägivad;227.6167;https://s.err.ee/photo/orig/2025/10/06/3041664h6d01.jpg
2026-06-04;Kuidas peaks seksima?;37.4114;https://s.err.ee/photo/orig/2025/04/16/2825630ha4f3.jpg
2026-06-04;Kuidas valmistutakse Eurovisiooniks Viinis;41.9012;https://s.err.ee/photo/orig/2026/05/12/3575929h63cb.jpg
2026-06-04;Kuld;171.9039;https://s.err.ee/photo/orig/2026/04/27/3399766h1710.jpg
2026-06-04;Kuldne Trio. Hõbepulm;221.0822;https://s.err.ee/photo/orig/2026/05/25/3595948h1653.jpg
2026-06-04;Kuldne poiss Franz Klammer;5.6882;https://s.err.ee/photo/orig/2025/12/24/3136723h24b8.jpg
2026-06-04;Kuldsed hääled;27.9980;https://s.err.ee/photo/orig/2024/01/19/2221605haa53.jpg
2026-06-04;Kull ja kiri. Maailmaimed;5.2147;https://s.err.ee/photo/orig/2024/01/16/2216205hc621.jpg
2026-06-04;Kullaketrajad;197.5595;https://s.err.ee/photo/orig/2025/03/13/2778287h3aa0.jpg
2026-06-04;Kultuuristuudio. Kirjandusministri juures;61.1954;https://s.err.ee/photo/orig/2025/09/15/3015309hff64.jpg
2026-06-04;Kultuurkapitali aastapreemiad 2025;3.0284;https://s.err.ee/photo/orig/2026/02/10/3196313h7aee.jpg
2026-06-04;Kultuurkapitali aastapreemiate gala;1.7226;https://s.err.ee/photo/orig/2024/02/09/2251221h1dec.jpg
2026-06-04;Kunagi pole liiga hilja;121.5572;https://s.err.ee/photo/orig/2025/05/05/2847848h7604.jpg
2026-06-04;Kuni päikesetõusuni;9.5004;https://s.err.ee/photo/orig/2026/01/06/3146485h7d94.png
2026-06-04;Kuninglik skandaal;320.2321;https://s.err.ee/photo/orig/2026/04/27/3399616he0d7.jpg
2026-06-04;Kunksmoor;83.2065;https://s.err.ee/photo/orig/2025/10/08/3042786h4342.jpg
2026-06-04;Kust konnad tulevad?;139.7004;https://s.err.ee/photo/orig/2024/05/02/2377386h71b4.jpg
2026-06-04;Kutsikapõli;54.9422;https://s.err.ee/photo/orig/2024/11/25/2632975h4f88.jpg
2026-06-04;Kutsikate ja kassipoegade imeline maailm;84.1513;https://s.err.ee/photo/orig/2026/02/09/3193541h4b26.jpg
2026-06-04;Kuu - värav universumisse;21.9266;https://s.err.ee/photo/orig/2024/11/12/2615899h32e2.jpg
2026-06-04;Kuulsuste lahing;67.0772;https://s.err.ee/photo/orig/2024/04/09/2345274hb8cd.jpg
2026-06-04;Kõhuhääl;6.0783;https://s.err.ee/photo/orig/2026/04/13/3301240had0d.jpg
2026-06-04;Kõige suurem sõber;13.1283;https://s.err.ee/photo/orig/2023/03/17/1833071ha173.jpg
2026-06-04;Kõik patud;158.7555;https://s.err.ee/photo/orig/2026/04/13/3300715h8a2d.jpg
2026-06-04;Kõrvemaa sügis;16.8549;https://s.err.ee/photo/orig/2025/01/27/2703548hce84.jpg
2026-06-04;Külamehe luiskelood;36.5824;https://s.err.ee/photo/orig/2025/10/13/3048798he2e4.jpg
2026-06-04;Küljetuul;46.6218;https://s.err.ee/photo/orig/2024/05/29/2417052h208e.jpg
2026-06-04;Külla tuli;2.0391;https://s.err.ee/photo/orig/2024/12/16/2657833h42a8.jpg
2026-06-04;Külmale maale;24.2954;https://s.err.ee/photo/orig/2024/05/24/2410134hbfa4.jpg
2026-06-04;La Peebo läbi peegli;3.4693;https://s.err.ee/photo/orig/2024/06/25/2452435h198f.jpg
2026-06-04;La Promesa;1009.2832;https://s.err.ee/photo/orig/2026/05/29/3599527haf56.jpg
2026-06-04;Laanetaguse suvi;138.9700;https://s.err.ee/photo/orig/2024/07/29/2490985h4f89.jpg
2026-06-04;Lahku. Barcelona;206.9174;https://s.err.ee/photo/orig/2025/01/06/2680408h9872.jpg
2026-06-04;Lahkumine Tallinnast. 1941;207.8631;https://s.err.ee/photo/orig/2026/03/31/3284301h7de5.jpg
2026-06-04;Lahutus Eesti moodi;120.4438;https://s.err.ee/photo/orig/2024/08/21/2516053h44e8.jpg
2026-06-04;Lahutus Läti moodi;14.5311;https://s.err.ee/photo/orig/2021/05/10/1004560h3e42.jpg
2026-06-04;Lansky. Ameerika vägevaim gangster;116.9034;https://s.err.ee/photo/orig/2024/04/17/2360967h5d66.jpg
2026-06-04;Lapsepõlve lemmikkirjanik. Astrid Lindgren;37.4617;https://s.err.ee/photo/orig/2026/05/18/3585760he72c.jpg
2026-06-04;Laskesuusatamise MK etapid;13.1283;https://s.err.ee/photo/orig/2024/11/28/2636179he36f.jpg
2026-06-04;Laulame neid laule jälle. Eesti Laul eri;18.8762;https://s.err.ee/photo/orig/2025/12/30/3141689h7491.jpg
2026-06-04;Laulavad Anne Veski ja Tõnis Mägi;148.8415;https://s.err.ee/photo/orig/2024/07/01/2458877h1b91.jpg
2026-06-04;Laulu- ja tantsumängud;38.7393;https://s.err.ee/photo/orig/2025/05/19/2869035h2fc2.jpg
2026-06-04;Laulud lumes;26.9201;https://s.err.ee/photo/orig/2025/01/28/2704292h6bf1.jpg
2026-06-04;Legend eluajal;47.2852;https://s.err.ee/photo/orig/2023/03/23/1843109he5cc.jpg
2026-06-04;Legendaarsed kangelased;11.5562;https://s.err.ee/photo/orig/2023/12/05/2173066h7004.jpg
2026-06-04;Legendide maad;84.2901;https://s.err.ee/photo/orig/2026/01/12/3151495hf6a9.jpg
2026-06-04;Lend Singapuri;27.4144;https://s.err.ee/photo/orig/2025/05/05/2848679h6edd.jpg
2026-06-04;Lenda minuga - lennunduse kuldajastu;18.4594;https://s.err.ee/photo/orig/2026/04/28/3421567hc226.jpg
2026-06-04;Lendutõus. Ants Laikmaa;5.2294;https://s.err.ee/photo/orig/2026/05/04/3483064h210b.jpg
2026-06-04;Lennukuurist muuseumiks;86.4897;https://s.err.ee/photo/orig/2025/02/17/2739884h6383.jpg
2026-06-04;Lepitus;609.7976;https://s.err.ee/photo/orig/2023/10/26/2125610h9f30.jpg
2026-06-04;Lepo Sumera südameasjad. 10 aastat hiljem;7.1140;https://s.err.ee/photo/orig/2025/05/07/2850197h1dd3.jpg
2026-06-04;Libahundi needus;21.5855;https://s.err.ee/photo/orig/2024/02/28/2285589h9aab.jpg
2026-06-04;Libarebased ja kooljad;96.6277;https://s.err.ee/photo/orig/2024/01/30/2235642hc9fc.jpg
2026-06-04;Liblikad: looduse superkangelased;37.7367;https://s.err.ee/photo/orig/2026/04/28/3423832hd3f0.jpg
2026-06-04;Lint;179.5987;https://s.err.ee/photo/orig/2020/07/15/797789h609d.jpg
2026-06-04;Litvinenko;104.9057;https://s.err.ee/photo/orig/2024/03/08/2299293hdf5a.jpg
2026-06-04;Liv Ullmann: vähem tallatud rada;7.4674;https://s.err.ee/photo/orig/2025/02/28/2763041hc9ee.jpg
2026-06-04;London Mägi lummuses;505.8128;https://s.err.ee/photo/orig/2026/05/25/3596134hac1d.jpg
2026-06-04;Londoni linnaloodus;100.6317;https://s.err.ee/photo/orig/2026/05/04/3488341hec56.jpg
2026-06-04;Loodud kestma;7.0940;https://s.err.ee/photo/orig/2024/10/31/2600881h45f2.jpg
2026-06-04;Looduse kutse;4.1814;https://s.err.ee/photo/orig/2025/07/03/2920836hc7f9.jpg
2026-06-04;Looduse maagilised hetked;29.4298;https://s.err.ee/photo/orig/2025/01/02/2678335hc494.jpg
2026-06-04;Loomariigi lapsevanemad;170.4965;https://s.err.ee/photo/orig/2024/08/21/2516062h8d2a.jpg
2026-06-04;Luikede järv;5.4892;https://s.err.ee/photo/orig/2024/08/26/2523733hcaed.jpg
2026-06-04;Lumekuninganna;113.1920;https://s.err.ee/photo/orig/2024/01/02/2201228h4c7a.jpg
2026-06-04;Lydia Auster 70;210.4986;https://s.err.ee/photo/orig/2026/05/25/3596110ha316.jpg
2026-06-04;Lõhestatud NATO;88.0214;https://s.err.ee/photo/orig/2026/05/11/3574153h0a53.jpg
2026-06-04;Lõpetamata linn;6.4023;https://s.err.ee/photo/orig/2024/08/13/2508193hc1e8.jpg
2026-06-04;Lõppematu päev;80.5243;https://s.err.ee/photo/orig/2024/04/08/2343930hb08c.jpg
2026-06-04;Lühhike öppetus Eesti kultuurist;656.8258;https://s.err.ee/photo/orig/2025/10/28/3067170h6982.jpg
2026-06-04;MARJUSTIN 8.0 Juubelisaade Marju Lauristinist;5.2147;https://s.err.ee/photo/orig/2025/04/07/2815343h9596.jpg
2026-06-04;MEIE BINGO!;420.4970;https://s.err.ee/photo/orig/2026/03/04/3238247h8001.jpg
2026-06-04;Ma elasin Eesti Vabariigis;5.4892;https://s.err.ee/photo/orig/2025/02/23/2752205hb534.jpg
2026-06-04;Ma olen Heath Ledger;19.7887;https://s.err.ee/photo/orig/2026/03/30/3283047h3002.jpg
2026-06-04;Maa, armastan Sind!;193.0821;https://s.err.ee/photo/orig/2024/07/24/2484586h3ef6.jpg
2026-06-04;Maahommik;21.9883;https://s.err.ee/photo/orig/2023/08/29/2056694hd943.jpg
2026-06-04;Maailm ja mõnda;353.5908;https://s.err.ee/photo/orig/2025/11/07/3079635hb939.jpg
2026-06-04;Maailm leekides;119.6497;https://s.err.ee/photo/orig/2025/08/19/2978844hdb7f.jpg
2026-06-04;Maailm linnulennult;98.5029;https://s.err.ee/photo/orig/2025/12/15/3125092h1a3a.jpg
2026-06-04;Maailma kaugeim restoran;143.1097;https://s.err.ee/photo/orig/2026/04/03/3289032hb1d4.jpg
2026-06-04;Maailma kõige targem rahvas;22.4556;https://s.err.ee/photo/orig/2025/09/01/2995827hc69d.jpg
2026-06-04;Maailma ohtlikemad raudteed;583.0492;https://s.err.ee/photo/orig/2025/05/05/2848874h9f95.jpg
2026-06-04;Maailma suurimad raudteejaamad;17.0840;https://s.err.ee/photo/orig/2023/09/08/2068088h006e.jpg
2026-06-04;Maastiku mustrid;12.9241;https://s.err.ee/photo/orig/2024/08/19/2512231he7eb.jpg
2026-06-04;Maduro - hävinematu;27.1413;https://s.err.ee/photo/orig/2025/01/13/2688907ha443.jpg
2026-06-04;Maestro Pauls. Vabas vormis;72.4316;https://s.err.ee/photo/orig/2026/03/30/3283887h61d3.jpg
2026-06-04;Magusad tärnid;61.8006;https://s.err.ee/photo/orig/2024/04/10/2347116h8e28.jpg
2026-06-04;Maiade tõus ja langus;16.2522;https://s.err.ee/photo/orig/2024/04/01/2333766h8128.jpg
2026-06-04;Maised ihad;33.7748;https://s.err.ee/photo/orig/2025/08/07/2968104hd248.jpg
2026-06-04;Maitse sünd;28.3369;https://s.err.ee/photo/orig/2024/09/04/2534513hee08.jpg
2026-06-04;Maitserännak Eestimaal;26.9201;https://s.err.ee/photo/orig/2025/01/07/2681197hd227.jpg
2026-06-04;Majakas-23;45.5942;https://s.err.ee/photo/orig/2025/04/07/2815307h3dd3.jpg
2026-06-04;Major Skovoroda;87.3641;https://s.err.ee/photo/orig/2026/03/16/3260714h7bae.jpg
2026-06-04;Malev;6.3027;https://s.err.ee/photo/orig/2020/04/20/771552h7c34.jpg
2026-06-04;Manna;38.6374;https://s.err.ee/photo/orig/2021/10/25/1196840h6992.jpg
2026-06-04;Mardileib;629.1800;https://s.err.ee/photo/orig/2024/07/03/2460845h7c58.jpg
2026-06-04;Margherita teel tähtede poole;220.2598;https://s.err.ee/photo/orig/2025/02/28/2763053h707e.jpg
2026-06-04;Mari Kalkun. Õunaaia album;44.4218;https://s.err.ee/photo/orig/2025/05/05/2848931h4401.jpg
2026-06-04;Maria Montessori;43.2908;https://s.err.ee/photo/orig/2026/04/07/3293602h8bfe.jpg
2026-06-04;Maria unistab;505.9603;https://s.err.ee/photo/orig/2026/05/25/3595558hddb2.jpg
2026-06-04;Mariah Carey. Südikus ja sära;94.3171;https://s.err.ee/photo/orig/2026/05/04/3498700hb3fd.jpg
2026-06-04;Marie Antoinette;526.8693;https://s.err.ee/photo/orig/2026/03/24/3274275h2215.jpg
2026-06-04;Marite Kallasma. Diktor, mitte diiva;18.7013;https://s.err.ee/photo/orig/2023/05/11/1908008hfedc.jpg
2026-06-04;Marju Lepajõe. Päevade sõnad;25.5741;https://s.err.ee/photo/orig/2026/01/14/3154018ha051.jpg
2026-06-04;Marko Matvere ja VLÜ 35;61.1644;https://s.err.ee/photo/orig/2024/08/19/2513071h25a7.jpg
2026-06-04;Martin Clunesiga Atlandi ookeani saartel;179.4662;https://s.err.ee/photo/orig/2026/05/04/3498706ha09a.jpg
2026-06-04;Mary Beardiga Rooma keisrite jälgedel;11.2558;https://s.err.ee/photo/orig/2025/11/17/3090816hb14e.jpg
2026-06-04;Mati Alaver - valgusest varju;7.8604;https://s.err.ee/photo/orig/2025/10/22/3061587hec32.jpg
2026-06-04;Mattiiseni õpilased;7.9285;https://s.err.ee/photo/orig/2026/04/20/3345217hded9.jpg
2026-06-04;Maxima;319.6799;https://s.err.ee/photo/orig/2025/04/04/2812160h62f6.jpg
2026-06-04;Medeia;81.0133;https://s.err.ee/photo/orig/2026/03/25/3275904ha6d6.jpg
2026-06-04;Mees Riost;32.8041;https://s.err.ee/photo/orig/2026/02/26/3231236h5e97.jpg
2026-06-04;Mees ja naine;60.6551;https://s.err.ee/photo/orig/2024/03/07/2297982h6b66.jpg
2026-06-04;Meeste Tantsupidu KOLM;170.4574;https://s.err.ee/photo/orig/2026/05/25/3595846h4d47.jpg
2026-06-04;Mehed ei nuta;295.9089;https://s.err.ee/photo/orig/2023/10/09/2104223hd311.jpg
2026-06-04;Mehed, hakkame elama!;34.6495;https://s.err.ee/photo/orig/2025/11/11/3084744h6d96.jpg
2026-06-04;Meie Mats;7.5328;https://s.err.ee/photo/orig/2026/04/13/3301237hd347.jpg
2026-06-04;Meie Uduvere;43.1349;https://s.err.ee/photo/orig/2024/06/25/2452414hf6e9.jpg
2026-06-04;Meie hõimlased;14.7103;https://s.err.ee/photo/orig/2023/09/21/2085062h1c16.jpg
2026-06-04;Meie mees Ameerikas;11.7066;https://s.err.ee/photo/orig/2025/01/20/2696218ha266.jpg
2026-06-04;Meie metsad. Lagendikud;14.5145;https://s.err.ee/photo/orig/2025/09/22/3023784h63e6.jpg
2026-06-04;Meie unistuste summa;6.0822;https://s.err.ee/photo/orig/2024/05/14/2395923h6aad.jpg
2026-06-04;Menopaus;281.0492;https://s.err.ee/photo/orig/2025/02/28/2763191h49b0.jpg
2026-06-04;Meri ja Orav;173.7126;https://s.err.ee/photo/orig/2025/03/24/2798342h9f3f.jpg
2026-06-04;Mesilase päevaraamat;10.0004;https://s.err.ee/photo/orig/2025/08/18/2977797h4f4e.jpg
2026-06-04;Metsa poole;5.4038;https://s.err.ee/photo/orig/2024/01/04/2203072h5074.jpg
2026-06-04;Metsavennad;40.5777;https://s.err.ee/photo/orig/2025/05/29/2881911h7d35.jpg
2026-06-04;Metsik Lõuna;20.5063;https://s.err.ee/photo/orig/2024/11/14/2618842h71a1.jpg
2026-06-04;Metsikud mesilased;7.7381;https://s.err.ee/photo/orig/2023/09/18/2080853h7a0e.jpg
2026-06-04;Metslased;38.5488;https://s.err.ee/photo/orig/2024/09/05/2535782h2163.jpg
2026-06-04;Mida täiskasvanud mängivad?;42.4636;https://s.err.ee/photo/orig/2024/03/01/2290107hb4c7.jpg
2026-06-04;Midsomeri mõrvad;30.7054;https://s.err.ee/photo/orig/2023/11/21/2157790h4c0f.jpg
2026-06-04;Miks mitte?!;42.6749;https://s.err.ee/photo/orig/2020/04/09/768394hea10.jpg
2026-06-04;Milderid Marokos;443.3708;https://s.err.ee/photo/orig/2026/04/07/3293593hdca4.jpg
2026-06-04;Mina olengi protokoll. Lennart Meri;18.7993;https://s.err.ee/photo/orig/2024/07/30/2492479hbfb4.jpg
2026-06-04;Minu ETV;322.3685;https://s.err.ee/photo/orig/2024/05/30/2418780h011e.jpg
2026-06-04;Minu Euroopa;7.4884;https://s.err.ee/photo/orig/2024/08/21/2516029h0f8f.jpg
2026-06-04;Minu lemmikkook;61.9680;https://s.err.ee/photo/orig/2025/04/28/2839742hcf56.jpg
2026-06-04;Minu meri;411.3113;https://s.err.ee/photo/orig/2024/06/20/2443439h302c.jpg
2026-06-04;Minu teine mina;36.9021;https://s.err.ee/photo/orig/2026/05/06/3523786hfb90.jpg
2026-06-04;Miss Marple'i lood;248.6316;https://s.err.ee/photo/orig/2026/03/30/3283335h3e7c.jpg
2026-06-04;Mitut värvi haldjad;481.8647;https://s.err.ee/photo/orig/2022/06/27/1527319hfdac.jpg
2026-06-04;Moodsa aja geniaalsed alustalad;85.5178;https://s.err.ee/photo/orig/2026/02/22/3221831hec77.png
2026-06-04;Morgani kohtumine organitega. Melonovell;12.4718;https://s.err.ee/photo/orig/2026/04/13/3301270hc779.jpg
2026-06-04;Mount Everest;5.4892;https://s.err.ee/photo/orig/2025/12/23/3135820hdf96.jpg
2026-06-04;Muinsuskaitseameti aastaauhinnad 2025;7.6242;https://s.err.ee/photo/orig/2026/03/16/3260729h1cb2.jpg
2026-06-04;Mullist välja;298.6206;https://s.err.ee/photo/orig/2026/04/20/3308839haed7.jpg
2026-06-04;Munadepühad Eestis, Lätis ja Leedus;2.9200;https://s.err.ee/photo/orig/2025/04/15/2824643h84b9.jpg
2026-06-04;Murieli pulm;130.9485;https://s.err.ee/photo/orig/2025/11/10/3083301h4bc8.jpg
2026-06-04;Must orb. Kajad;29.7966;https://s.err.ee/photo/orig/2024/09/02/2531693h420f.jpg
2026-06-04;Mustamäe tango;83.5327;https://s.err.ee/photo/orig/2024/08/19/2512531h4df3.jpg
2026-06-04;Muusad ei vaikinud;363.6080;https://s.err.ee/photo/orig/2026/05/18/3585817h31c5.jpg
2026-06-04;Muusikast Mihkel Rauaga;23.0806;https://s.err.ee/photo/orig/2025/10/13/3048513hdcb9.jpg
2026-06-04;Muutuv planeet;514.8585;https://s.err.ee/photo/orig/2026/05/04/3497584hc416.jpg
2026-06-04;My Way;144.1216;https://s.err.ee/photo/orig/2025/12/08/3118387h51d8.jpg
2026-06-04;MÄNG: Müstiline rong;155.3580;https://s.err.ee/photo/orig/2025/09/08/3004635h4dd1.jpg
2026-06-04;Mädaõunad;138.8693;https://s.err.ee/photo/orig/2025/10/20/3058881hb648.jpg
2026-06-04;Mäkrade salaelu;33.7267;https://s.err.ee/photo/orig/2023/10/31/2131870h9ae6.jpg
2026-06-04;Mängupalavik;46.7618;https://s.err.ee/photo/orig/2024/07/01/2458760h3a3e.jpg
2026-06-04;"Märt Avandi ja Ott Sepa lauluvõistlus ""Pean saama Eurovisioonile, muidu suren 2010""";17.4436;https://s.err.ee/photo/orig/2025/05/12/2859644hde80.jpg
2026-06-04;Mõnuste paemurru lugu;120.0521;https://s.err.ee/photo/orig/2026/05/18/3585751h85ff.jpg
2026-06-04;Mõrvad põhjas;189.6235;https://s.err.ee/photo/orig/2026/04/20/3321808hf708.jpg
2026-06-04;Müür: Klooster;32.5963;https://s.err.ee/photo/orig/2026/01/05/3145090h8522.jpg
2026-06-04;Naapurivisa;7.0940;https://s.err.ee/photo/orig/2023/07/17/1998677h5be8.jpg
2026-06-04;Naeroobika;16.0735;https://s.err.ee/photo/orig/2024/08/13/2508154h6ad4.jpg
2026-06-04;Naine;72.1142;https://s.err.ee/photo/orig/2026/03/03/3236099h69ba.jpg
2026-06-04;Naisspioonid II maailmasõjas;210.5699;https://s.err.ee/photo/orig/2025/03/10/2773817h10ea.jpg
2026-06-04;Namiibia loodusimed - väikesed kangelased, suured jahimehed;9.5004;https://s.err.ee/photo/orig/2025/09/22/3023778h379e.jpg
2026-06-04;Navalnõi;490.2670;https://s.err.ee/photo/orig/2024/02/16/2261622hcf38.jpg
2026-06-04;Need vanad armastuskirjad;119.9085;https://s.err.ee/photo/orig/2023/10/06/2101736h69ff.jpg
2026-06-04;Nicolas le Floch;129.0070;https://s.err.ee/photo/orig/2024/09/16/2547428h60d9.jpg
2026-06-04;Nii nad sõdivad;52.1957;https://s.err.ee/photo/orig/2025/08/19/2978886h3f83.jpg
2026-06-04;Noor meister;19.8445;https://s.err.ee/photo/orig/2025/01/06/2680351h2665.jpg
2026-06-04;Noor pensionär;261.9108;https://s.err.ee/photo/orig/2024/03/25/2321601h7c77.jpg
2026-06-04;Noored ja ilusad;21.7782;https://s.err.ee/photo/orig/2026/03/30/3283491h2ad5.jpg
2026-06-04;Noorte suusasari;8.0254;https://s.err.ee/photo/orig/2025/02/03/2715422hc3ee.jpg
2026-06-04;Noortemuusika;11.8524;https://s.err.ee/photo/orig/2026/04/21/3345367hb697.jpg
2026-06-04;Norbert ehk Nukumaja;7.4674;https://s.err.ee/photo/orig/2025/10/10/3044991hc0ae.jpg
2026-06-04;Nordland '99;7.4594;https://s.err.ee/photo/orig/2023/08/14/2032664h2222.jpg
2026-06-04;Nota bene! Teatriluulud;206.5207;https://s.err.ee/photo/orig/2020/04/14/769701h560d.jpg
2026-06-04;Notre Dame'i uuestisünd;10.1584;https://s.err.ee/photo/orig/2025/04/14/2823329hc402.jpg
2026-06-04;Noémie ütleb jah;10.6930;https://s.err.ee/photo/orig/2025/08/21/2981385h495a.jpg
2026-06-04;Nukuvalitsus;363.9623;https://s.err.ee/photo/orig/2025/12/29/3139802hf71c.jpg
2026-06-04;Nullpunkt;122.8450;https://s.err.ee/photo/orig/2024/09/11/2542769hf8f2.jpg
2026-06-04;Nuta või naera;4.2474;https://s.err.ee/photo/orig/2024/07/24/2484472h3623.jpg
2026-06-04;Nähtamatu võitlus;71.5385;https://s.err.ee/photo/orig/2026/03/31/3284319hda48.jpg
2026-06-04;Näitleja Joller;135.4709;https://s.err.ee/photo/orig/2025/07/14/2942244ha96b.jpg
2026-06-04;Nõiakivi;21.9266;https://s.err.ee/photo/orig/2020/03/09/759206h7f7c.png
2026-06-04;Nõnda ka maa peal;200.4905;https://s.err.ee/photo/orig/2024/12/02/2640709h9487.jpg
2026-06-04;Nõukogudeaja bussiootepaviljonid;14.5465;https://s.err.ee/photo/orig/2025/01/07/2681176hf8b8.jpg
2026-06-04;Nõusolek;113.2767;https://s.err.ee/photo/orig/2026/03/30/3283428h94e8.jpg
2026-06-04;OP;288.3151;https://s.err.ee/photo/orig/2025/09/25/3028074h9d3d.jpg
2026-06-04;Oh valu ja vaev. Kuldne Trio;298.0873;https://s.err.ee/photo/orig/2026/05/25/3596059h4e1b.jpg
2026-06-04;Ohtlik lend;167.1951;https://s.err.ee/photo/orig/2022/01/11/1303025hc6c1.jpg
2026-06-04;Ohtlikult lähedal;112.0967;https://s.err.ee/photo/orig/2026/05/04/3483010h814b.jpg
2026-06-04;Okavango – unistuste jõgi;416.8137;https://s.err.ee/photo/orig/2026/03/23/3273378h0e37.jpg
2026-06-04;Oksjon;34.2492;https://s.err.ee/photo/orig/2026/03/03/3236597h7af1.jpg
2026-06-04;Olav Ehala 70. Juubelikontsert;16.9664;https://s.err.ee/photo/orig/2020/09/28/822944h5e20.jpg
2026-06-04;Ole mu palve. Siiri Sisask;44.9615;https://s.err.ee/photo/orig/2026/02/23/3222668hc3a4.jpg
2026-06-04;Olev Sooants-Soans. Eestimaa piltatlas;2.2594;https://s.err.ee/photo/orig/2025/05/26/2878485hb5e3.jpg
2026-06-04;Omariikluse katkematu punane lõng;4.9540;https://s.err.ee/photo/orig/2025/02/23/2752193h5c7f.jpg
2026-06-04;On meie keskel suvi;40.0220;https://s.err.ee/photo/orig/2024/06/04/2425859hea5c.jpg
2026-06-04;Onu Tik-Taki seiklused;53.9110;https://s.err.ee/photo/orig/2024/12/26/2671894h2d29.jpg
2026-06-04;"Operatsioon ""Marss Rooma""";26.9475;https://s.err.ee/photo/orig/2024/05/27/2414274h9ec0.jpg
2026-06-04;Oravaemand;45.8809;https://s.err.ee/photo/orig/2025/12/22/3133714hfc68.jpg
2026-06-04;Orkestri mängud;18.8523;https://s.err.ee/photo/orig/2022/10/31/1667194h3216.jpg
2026-06-04;Osnap;16.9664;https://s.err.ee/photo/orig/2024/12/24/2670799h772b.jpg
2026-06-04;Osoon;197.3407;https://s.err.ee/photo/orig/2025/09/01/2996049h582f.jpg
2026-06-04;Otepää Talveöölaulupidu;24.2954;https://s.err.ee/photo/orig/2026/01/19/3159238h50cf.jpg
2026-06-04;Otse uudistemajast;175.4021;https://s.err.ee/photo/orig/2023/09/29/2094077hfe8d.jpg
2026-06-04;PANK;76.0228;https://s.err.ee/photo/orig/2020/04/16/770687h8161.jpg
2026-06-04;Pagana pann;44.9136;https://s.err.ee/photo/orig/2025/12/24/3136810h10e4.jpg
2026-06-04;Palestra;2.6353;https://s.err.ee/photo/orig/2023/06/19/1959170h3b29.jpg
2026-06-04;Palgamõrvar;20.8081;https://s.err.ee/photo/orig/2025/12/19/3131464h9453.jpg
2026-06-04;Paljunäoline Jim Carrey;280.7759;https://s.err.ee/photo/orig/2024/12/10/2649988h79ae.jpg
2026-06-04;Pantanal. Viimane pelgupaik;21.4458;https://s.err.ee/photo/orig/2025/07/03/2919561hb125.jpg
2026-06-04;Papi;276.0042;https://s.err.ee/photo/orig/2025/01/20/2695759h6b26.jpg
2026-06-04;Parandamatu Belmondo;34.7533;https://s.err.ee/photo/orig/2024/12/27/2672446h4328.jpg
2026-06-04;Pardiralli 2026;897.2992;https://s.err.ee/photo/orig/2026/05/29/3599638h78fd.jpg
2026-06-04;Parfüümid;38.7221;https://s.err.ee/photo/orig/2024/02/01/2238447h853c.jpg
2026-06-04;Parlament;285.1085;https://s.err.ee/photo/orig/2026/05/08/3570652h7ea8.jpg
2026-06-04;Patarei;17.8593;https://s.err.ee/photo/orig/2024/02/23/2274126h32c3.jpg
2026-06-04;Pea ees vette. Tai Kuningriigis;4.2474;https://s.err.ee/photo/orig/2024/10/14/2579872hd133.jpg
2026-06-04;Peakoka auroog;60.4344;https://s.err.ee/photo/orig/2026/01/26/3165608h2b47.jpg
2026-06-04;Pealtnägija;254.8184;https://s.err.ee/photo/orig/2025/09/01/2996325h26b2.jpg
2026-06-04;Peata oma sõbrad;286.6300;https://s.err.ee/photo/orig/2025/06/21/2907642he5e6.jpg
2026-06-04;Peegliahv;34.9714;https://s.err.ee/photo/orig/2025/08/21/2981685h53a4.jpg
2026-06-04;Pehmed ja karvased;65.6956;https://s.err.ee/photo/orig/2024/03/26/2324868h62eb.jpg
2026-06-04;Peiar;2.5035;https://s.err.ee/photo/orig/2025/05/26/2878374h0d65.jpg
2026-06-04;Perepidu;39.4677;https://s.err.ee/photo/orig/2025/07/28/2960280h2800.jpg
2026-06-04;Perpetuum mobile;261.7287;https://s.err.ee/photo/orig/2024/05/13/2393202h39dd.jpg
2026-06-04;Pianist;107.5879;https://s.err.ee/photo/orig/2026/05/04/3483583hbe35.jpg
2026-06-04;Pidu meie tänavas;1.9372;https://s.err.ee/photo/orig/2023/10/17/2114234ha41b.png
2026-06-04;Pidulik merelaulude kontsert Vana madrus;33.0508;https://s.err.ee/photo/orig/2025/02/23/2752367h134d.jpg
2026-06-04;Piirilinnus;65.4957;https://s.err.ee/photo/orig/2023/12/04/2172430h9399.jpg
2026-06-04;Piison, preeria valitseja;8.1454;https://s.err.ee/photo/orig/2023/10/26/2126120h5b54.jpg
2026-06-04;Pikim laine;119.3299;https://s.err.ee/photo/orig/2024/07/17/2476864h1066.jpg
2026-06-04;Pikk nädalavahetus Rory O'Connelliga;17.5006;https://s.err.ee/photo/orig/2025/01/02/2678296h9941.jpg
2026-06-04;Pikk vari;8.7003;https://s.err.ee/photo/orig/2024/08/27/2525783h342a.jpg
2026-06-04;Pilet;13.1283;https://s.err.ee/photo/orig/2026/02/04/3179450h754a.jpg
2026-06-04;Pilvede värvid;38.5488;https://s.err.ee/photo/orig/2026/03/24/3274647ha3d0.jpg
2026-06-04;Pimeduse poolt valgustatud;5.7781;https://s.err.ee/photo/orig/2026/02/23/3222920hb88f.jpg
2026-06-04;Pitka legend;4.4710;https://s.err.ee/photo/orig/2024/02/22/2271732h755c.jpg
2026-06-04;Plekktrumm;236.4683;https://s.err.ee/photo/orig/2023/11/02/2133601h60b6.jpg
2026-06-04;Pobeda;59.4987;https://s.err.ee/photo/orig/2023/10/27/2127520h59db.jpg
2026-06-04;Pompei. Uued avastused;39.1872;https://s.err.ee/photo/orig/2025/11/26/3103935h4120.jpg
2026-06-04;Postimaja;55.3235;https://s.err.ee/photo/orig/2025/09/09/3005724hc0fe.jpg
2026-06-04;Presidendid;5.2147;https://s.err.ee/photo/orig/2024/02/21/2271183h7bff.jpg
2026-06-04;Prillitoos;220.5194;https://s.err.ee/photo/orig/2020/10/05/824974h2ca1.jpg
2026-06-04;Professor T.;162.1461;https://s.err.ee/photo/orig/2026/04/20/3308443hac7b.jpg
2026-06-04;Prügikast 2 ehk Põhi paistab;34.7903;https://s.err.ee/photo/orig/2024/06/07/2429273h87e9.jpg
2026-06-04;Psühho;233.0096;https://s.err.ee/photo/orig/2025/12/15/3124963h8073.jpg
2026-06-04;Pulss;1419.6636;https://s.err.ee/photo/orig/2026/05/29/3599566h0e22.jpg
2026-06-04;Putini salarelvad;120.3569;https://s.err.ee/photo/orig/2026/04/20/3308890h125d.jpg
2026-06-04;Puu, mis varjutab metsa;112.1205;https://s.err.ee/photo/orig/2025/04/28/2839406he419.jpg
2026-06-04;Puumad - jäiste mägede legendid;31.4312;https://s.err.ee/photo/orig/2023/11/15/2150794hcfa1.jpg
2026-06-04;Päev, mil Island seiskus;12.4718;https://s.err.ee/photo/orig/2026/03/09/3247913h2054.jpg
2026-06-04;Päevil, mil sind ma näen. Laulab Kare Kauks;362.3910;https://s.err.ee/photo/orig/2026/05/29/3600031hf28b.jpg
2026-06-04;Päike - taevane põrgu;28.9164;https://s.err.ee/photo/orig/2024/11/25/2632954h91d9.jpg
2026-06-04;Päikese kodanik;78.3748;https://s.err.ee/photo/orig/2025/08/18/2977806h5e88.jpg
2026-06-04;Päikese kuningriigid: poolused;17.4831;https://s.err.ee/photo/orig/2025/12/22/3134788h07ff.jpg
2026-06-04;Pätt või pühak Raul Vaiksoo;87.6566;https://s.err.ee/photo/orig/2024/04/08/2343798h6249.jpg
2026-06-04;Pätu;61.1644;https://s.err.ee/photo/orig/2020/05/20/780772h6a79.jpg
2026-06-04;Päästa mind;7.0864;https://s.err.ee/photo/orig/2023/10/20/2118287h7aec.png
2026-06-04;Põhjaekspress;243.1023;https://s.err.ee/photo/orig/2026/05/18/3585733h8ea1.jpg
2026-06-04;Põlev maa;38.3291;https://s.err.ee/photo/orig/2020/05/18/779920ha047.jpg
2026-06-04;Põrgupõhja uus Vanapagan;263.3542;https://s.err.ee/photo/orig/2025/01/27/2703410h3a9a.jpg
2026-06-04;Pöörane aasta;59.3338;https://s.err.ee/photo/orig/2024/02/02/2240793h4bd0.jpg
2026-06-04;Pöörane aasta Aafrikas;32.0616;https://s.err.ee/photo/orig/2024/04/02/2336010h6f8f.jpg
2026-06-04;Pühapäevalõuna;47.2775;https://s.err.ee/photo/orig/2026/01/19/3157744hb2ab.jpg
2026-06-04;Püramiidi tipus;11.0285;https://s.err.ee/photo/orig/2024/11/08/2609749h4003.jpg
2026-06-04;Queen of F*cking Everything;49.7658;https://s.err.ee/photo/orig/2025/04/21/2829788h14e1.jpg
2026-06-04;Raadiolainetel kroolides ja surfates. Esimene sajand;199.0013;https://s.err.ee/photo/orig/2024/02/12/2256546he578.jpg
2026-06-04;Raadiosaated ringhäälingu ajaloost;339.3353;https://s.err.ee/photo/orig/2026/06/04/3606040h2fdb.jpg
2026-06-04;Rafael Nadal - liivaväljakute kuningas;679.4042;https://s.err.ee/photo/orig/2026/06/01/3602365h8c36.jpg
2026-06-04;Rahva oma kaitse 30;10.1584;https://s.err.ee/photo/orig/2025/09/17/3017688h19be.jpg
2026-06-04;Rahvalood;101.5927;https://s.err.ee/photo/orig/2026/05/04/3482737h6f56.jpg
2026-06-04;Rainer Sarneti nähtamatu võitlus;19.4809;https://s.err.ee/photo/orig/2023/11/28/2167357h67ff.jpg
2026-06-04;Rakett 69;349.2446;https://s.err.ee/photo/orig/2025/01/06/2680567h2f46.jpg
2026-06-04;Rannahotell;40.5345;https://s.err.ee/photo/orig/2024/06/10/2432150h2ffb.jpg
2026-06-04;Ratastoolitants;6.9836;https://s.err.ee/photo/orig/2023/09/11/2072516hb09b.jpg
2026-06-04;Rauataltsutajad;60.5461;https://s.err.ee/photo/orig/2024/09/03/2532869h23ed.jpg
2026-06-04;Raudne eesriie. Elu Nõukogude okupatsiooni tingimustes;436.5710;https://s.err.ee/photo/orig/2026/05/11/3574219he4b8.jpg
2026-06-04;"Raugematu ""Laine""";6.7583;https://s.err.ee/photo/orig/2023/11/16/2153122ha555.jpg
2026-06-04;Reekviem Irenale;356.6175;https://s.err.ee/photo/orig/2025/04/23/2833076hf2ea.jpg
2026-06-04;Reet Linna: Elame veel!;723.5668;https://s.err.ee/photo/orig/2024/05/29/2417223h3fd0.jpg
2026-06-04;Reetur;424.6453;https://s.err.ee/photo/orig/2025/04/13/2822123he163.jpg
2026-06-04;Rein Marani loodusfilmid;24.1225;https://s.err.ee/photo/orig/2024/03/20/2315634he19d.jpg
2026-06-04;Reisile minuga;52.4408;https://s.err.ee/photo/orig/2024/05/09/2386395h922b.jpg
2026-06-04;Reklaamiklubi naeratus;523.5794;https://s.err.ee/photo/orig/2023/11/16/2152879ha466.jpg
2026-06-04;Retromultikad;109.7079;https://s.err.ee/photo/orig/2020/12/26/874291h7ac3.jpg
2026-06-04;Reykjavíki fusioon;141.2005;https://s.err.ee/photo/orig/2026/04/20/3311968h555a.jpg
2026-06-04;Rick Steini salajane Prantsusmaa;16.9664;https://s.err.ee/photo/orig/2025/01/08/2682901h044f.jpg
2026-06-04;Ridley;65.0616;https://s.err.ee/photo/orig/2026/04/13/3301048hdad0.jpg
2026-06-04;Riigiametnik;11.8356;https://s.err.ee/photo/orig/2023/12/11/2179546h0949.jpg
2026-06-04;Riigimehed;89.7508;https://s.err.ee/photo/orig/2024/02/11/2254980h32d7.jpg
2026-06-04;Ring ümber Ruja;17.8593;https://s.err.ee/photo/orig/2023/11/24/2161918hcbc7.jpg
2026-06-04;Ringhääling 90;306.2501;https://s.err.ee/photo/orig/2026/06/01/3602089ha13b.jpg
2026-06-04;Ringrada;49.0762;https://s.err.ee/photo/orig/2025/04/14/2823281h3eb2.jpg
2026-06-04;Ringvaade;463.6368;https://s.err.ee/photo/orig/2025/09/01/2996019h56b7.jpg
2026-06-04;Rinnahoidja lugu;16.1181;https://s.err.ee/photo/orig/2023/12/30/2199709hefd3.jpg
2026-06-04;Ristisõda;13.8045;https://s.err.ee/photo/orig/2025/10/13/3048462hbebf.jpg
2026-06-04;Rita Ray. Ilusa hingega laulja;38.5488;https://s.err.ee/photo/orig/2025/08/21/2981430he9e2.jpg
2026-06-04;Rohelised niidud;64.3836;https://s.err.ee/photo/orig/2026/03/30/3283890hd738.jpg
2026-06-04;Rohelisem Tallinn;6.3027;https://s.err.ee/photo/orig/2023/12/19/2188060hdaf0.jpg
2026-06-04;Rokenroll ja bugi-vugi, need on Reeda elu tugi;4.7196;https://s.err.ee/photo/orig/2024/05/30/2418864hf535.jpg
2026-06-04;Rong väljaspool sõiduplaani;89.6264;https://s.err.ee/photo/orig/2025/01/02/2678317h3128.jpg
2026-06-04;Rootsi kuninga Karl XVI Gustavi ja kuninganna Silvia visiit Eestisse;12.0054;https://s.err.ee/photo/orig/2026/04/27/3399619h4c69.jpg
2026-06-04;Route 66. Ameerika kahel pool maanteed;4.7063;https://s.err.ee/photo/orig/2024/08/27/2525762hec69.jpg
2026-06-04;Räimerahvas. nublik live;83.2065;https://s.err.ee/photo/orig/2023/12/29/2199028h59c5.jpg
2026-06-04;Rännud Kersnaga;13.1283;https://s.err.ee/photo/orig/2025/07/21/2953974h7658.jpg
2026-06-04;Räpane neljas võim;58.8688;https://s.err.ee/photo/orig/2026/03/09/3247895he0aa.jpg
2026-06-04;Räpane sport - laskesuusatamise skandaal;61.1949;https://s.err.ee/photo/orig/2026/03/09/3248606h82e5.jpg
2026-06-04;Räägi temaga;71.0844;https://s.err.ee/photo/orig/2026/03/09/3248597hdae7.jpg
2026-06-04;Röövime panka!;127.0146;https://s.err.ee/photo/orig/2025/12/04/3114088he952.jpg
2026-06-04;Röövlirahnu Martin;20.5063;https://s.err.ee/photo/orig/2024/07/29/2490475h993c.jpg
2026-06-04;Saades Marilyniks;795.8558;https://s.err.ee/photo/orig/2023/12/15/2183590hc9bb.jpg
2026-06-04;Saatuse kiuste;26.8914;https://s.err.ee/photo/orig/2023/11/06/2139679h7321.jpg
2026-06-04;Saint-Exupéry;78.9591;https://s.err.ee/photo/orig/2026/03/16/3260225h4a35.jpg
2026-06-04;Salaja piiril;29.8284;https://s.err.ee/photo/orig/2025/02/03/2716676h313f.jpg
2026-06-04;Salaopakad;177.0842;https://s.err.ee/photo/orig/2026/03/03/3236345h6e1e.jpg
2026-06-04;Salapärased saared Vaikses ookeanis;31.3983;https://s.err.ee/photo/orig/2025/04/07/2815487hc3c3.jpg
2026-06-04;Salme viikingid;20.8303;https://s.err.ee/photo/orig/2024/09/02/2532686h6707.jpg
2026-06-04;Salmonid;122.6767;https://s.err.ee/photo/orig/2025/07/14/2942235h7129.jpg
2026-06-04;Sandarm New Yorgis;198.0732;https://s.err.ee/photo/orig/2025/12/15/3125254he121.jpg
2026-06-04;Sandarm ja sandarmipreilid;101.6971;https://s.err.ee/photo/orig/2026/01/13/3153061h5215.jpg
2026-06-04;Sandarm ja tulnukad;99.2990;https://s.err.ee/photo/orig/2026/01/07/3147151ha893.png
2026-06-04;Sandarm võtab naise;91.5331;https://s.err.ee/photo/orig/2025/12/22/3134503h54e8.jpg
2026-06-04;Sangarid;100.9068;https://s.err.ee/photo/orig/2024/04/30/2376039hc803.jpg
2026-06-04;Sannapäiv;14.3203;https://s.err.ee/photo/orig/2026/03/31/3284169ha584.jpg
2026-06-04;Sarah peidik;8.2741;https://s.err.ee/photo/orig/2025/12/22/3133771hfdc6.jpg
2026-06-04;Savisaar;23.0806;https://s.err.ee/photo/orig/2026/03/27/3278550h6723.jpg
2026-06-04;See ei ole mõrvamüsteerium;106.3909;https://s.err.ee/photo/orig/2026/04/08/3294510hd806.jpg
2026-06-04;Seente erakordne maailm;19.2671;https://s.err.ee/photo/orig/2024/09/05/2535863h64b5.jpg
2026-06-04;Segased;168.5886;https://s.err.ee/photo/orig/2023/09/27/2090960h9c72.jpg
2026-06-04;Segasummasuvila ratastel;12.4718;https://s.err.ee/photo/orig/2025/01/02/2678314hbdf8.jpg
2026-06-04;Selgitus kõigele;5.9876;https://s.err.ee/photo/orig/2025/08/19/2978934h1e72.jpg
2026-06-04;Seltsimees laps;164.8404;https://s.err.ee/photo/orig/2025/02/23/2752163he7ea.jpg
2026-06-04;Sensatsioon;390.9050;https://s.err.ee/photo/orig/2026/04/27/3399649h8461.jpg
2026-06-04;Sepo 50;153.1919;https://s.err.ee/photo/orig/2024/07/29/2490391h37bd.jpg
2026-06-04;Shakespeare vs. Shakespeare 2.0;457.0025;https://s.err.ee/photo/orig/2026/05/25/3596026hc460.jpg
2026-06-04;Sharon Stone. Ellujäämisinstinkt;75.6834;https://s.err.ee/photo/orig/2025/02/11/2728112h7b8d.jpg
2026-06-04;Sherlock;19.7677;https://s.err.ee/photo/orig/2023/07/07/1989383h1654.jpg
2026-06-04;Shetland;64.8339;https://s.err.ee/photo/orig/2026/02/09/3194357h231d.jpg
2026-06-04;Shirley;185.7888;https://s.err.ee/photo/orig/2025/05/05/2848838hc006.jpg
2026-06-04;Siia, siia, siirdu, viirgu!;6.8528;https://s.err.ee/photo/orig/2025/05/26/2878128h5dce.jpg
2026-06-04;Siin me oleme!;293.7519;https://s.err.ee/photo/orig/2023/11/06/2138644hfd0f.jpg
2026-06-04;Siin. Praegu. Pärast;141.5053;https://s.err.ee/photo/orig/2026/04/20/3308503h9333.jpg
2026-06-04;Silvi Vrait;33.6586;https://s.err.ee/photo/orig/2026/04/27/3399658h36af.jpg
2026-06-04;Simon Reeve'iga Cumbrias;29.9760;https://s.err.ee/photo/orig/2024/06/12/2435348haa47.jpg
2026-06-04;Simon Reeve'iga Skandinaavias;27.1067;https://s.err.ee/photo/orig/2026/01/08/3148273hb39f.png
2026-06-04;Simple Session 25. sünnipäev – BMX tipphetked;25.5741;https://s.err.ee/photo/orig/2025/07/30/2962035h9a9d.jpg
2026-06-04;Sina ja mina;143.7093;https://s.err.ee/photo/orig/2024/02/06/2248137h43ab.jpg
2026-06-04;Sinine;109.1448;https://s.err.ee/photo/orig/2024/12/10/2649253h183a.jpg
2026-06-04;Sinine kaftan;506.4353;https://s.err.ee/photo/orig/2023/12/19/2188045h9a8a.jpg
2026-06-04;Sinu uus sugulane;9.6505;https://s.err.ee/photo/orig/2024/10/30/2599537h3dd5.jpg
2026-06-04;Sinu värv;142.0264;https://s.err.ee/photo/orig/2026/04/20/3308425h5aec.jpg
2026-06-04;Sisemine lõõm: Reekviem Katia ja Maurice Krafftile;8.2447;https://s.err.ee/photo/orig/2026/04/20/3308512h0535.jpg
2026-06-04;Sissi;885.0282;https://s.err.ee/photo/orig/2024/09/19/2550997hb503.jpg
2026-06-04;Skandinaavia;75.6458;https://s.err.ee/photo/orig/2025/02/17/2740145h2126.jpg
2026-06-04;So Long, Marianne;99.8869;https://s.err.ee/photo/orig/2025/08/18/2977653h8bcf.jpg
2026-06-04;Solsidan;39.9872;https://s.err.ee/photo/orig/2023/12/14/2182681ha5b0.jpg
2026-06-04;Soomaa uni;20.5063;https://s.err.ee/photo/orig/2023/01/11/1741636h738d.jpg
2026-06-04;Soovide nimekiri;23.0560;https://s.err.ee/photo/orig/2024/01/02/2200703h09c4.jpg
2026-06-04;Soovide puu;67.9545;https://s.err.ee/photo/orig/2026/03/16/3260933hb503.jpg
2026-06-04;Spektaakel;60.9696;https://s.err.ee/photo/orig/2025/09/08/3004443hfb21.jpg
2026-06-04;Spordilinn Pärnu;4.6331;https://s.err.ee/photo/orig/2025/07/08/2935086h4d43.jpg
2026-06-04;Stanley Tucci avastamas Itaaliat;346.5456;https://s.err.ee/photo/orig/2025/02/27/2761331ha053.jpg
2026-06-04;Stella Stellaris;7.0940;https://s.err.ee/photo/orig/2025/02/06/2720603hf307.jpg
2026-06-04;Stepilõvi Celaleddin;567.4754;https://s.err.ee/photo/orig/2025/03/10/2773379h741b.jpg
2026-06-04;Stereo;6.9836;https://s.err.ee/photo/orig/2024/08/05/2500261heec1.jpg
2026-06-04;Suitsupääsuke;5.6882;https://s.err.ee/photo/orig/2021/07/06/1062420hd278.jpg
2026-06-04;Sulev Nõmmik;55.8490;https://s.err.ee/photo/orig/2026/01/06/3146491hd0e2.png
2026-06-04;Sulle tehti tüng!;43.0210;https://s.err.ee/photo/orig/2026/01/06/3146419h7f46.png
2026-06-04;Surm paradiisis;94.5763;https://s.err.ee/photo/orig/2026/03/09/3248126ha657.jpg
2026-06-04;Surm paradiisis. Jõulu-eri;124.9653;https://s.err.ee/photo/orig/2025/12/03/3112761h624a.jpg
2026-06-04;Surma ei otsinud keegi;34.7903;https://s.err.ee/photo/orig/2020/08/26/810826h59f3.jpg
2026-06-04;Suur aastalõpuviktoriin 2022;17.0142;https://s.err.ee/photo/orig/2022/12/30/1728634hd279.jpg
2026-06-04;Suur jalutuskäik;302.5338;https://s.err.ee/photo/orig/2026/01/19/3158467h4ec6.jpg
2026-06-04;Suur muusikamäng;15.3553;https://s.err.ee/photo/orig/2023/10/02/2096993h32d9.jpg
2026-06-04;Suur põgenemine 1944. Pisarais paadid;15.3122;https://s.err.ee/photo/orig/2024/09/19/2551276hc7e8.jpg
2026-06-04;Suur reede. Ristitee Vastseliinas;18.5429;https://s.err.ee/photo/orig/2026/04/03/3289044h7c8e.jpg
2026-06-04;Suur soo;37.0465;https://s.err.ee/photo/orig/2024/10/28/2596084h8aec.jpg
2026-06-04;Suur võidusõit. Lancia Audi vastu;69.0629;https://s.err.ee/photo/orig/2025/01/27/2703599he6b7.jpg
2026-06-04;Suured loomad, väiksed loomad;334.5463;https://s.err.ee/photo/orig/2026/05/18/3585574h2fbe.jpg
2026-06-04;Suvekaubandus;20.8303;https://s.err.ee/photo/orig/2024/03/04/2294487hb5d2.jpg
2026-06-04;Suvi Provence'is;24.8927;https://s.err.ee/photo/orig/2026/03/09/3248141h3b2f.jpg
2026-06-04;Sven Lõhmus. 30 aastat hitte;87.5858;https://s.err.ee/photo/orig/2025/12/23/3135784h6b76.jpg
2026-06-04;Sõbrad muusikas;1.3092;https://s.err.ee/photo/orig/2024/06/06/2428601h3c9c.jpg
2026-06-04;Sõda Ukraina kultuuripärandiga;9.1680;https://s.err.ee/photo/orig/2026/02/10/3196253h71e1.jpg
2026-06-04;Südameasi;227.4802;https://s.err.ee/photo/orig/2026/04/13/3300751hc670.jpg
2026-06-04;Südamepere;272.8530;https://s.err.ee/photo/orig/2026/05/18/3585887h02f3.jpg
2026-06-04;Sügisball;122.2004;https://s.err.ee/photo/orig/2023/11/16/2152414hac39.jpg
2026-06-04;Sügishooaeg;9.0254;https://s.err.ee/photo/orig/2025/10/23/3062685h713e.jpg
2026-06-04;Sündinud tantsule. Kai Leete;30.9962;https://s.err.ee/photo/orig/2025/05/26/2878098h7c80.jpg
2026-06-04;Sündis inimene;145.1145;https://s.err.ee/photo/orig/2026/05/04/3498652h34a2.jpg
2026-06-04;Süvamaa;46.5146;https://s.err.ee/photo/orig/2025/02/27/2761802hf4af.jpg
2026-06-04;Süü;87.0558;https://s.err.ee/photo/orig/2025/05/26/2878503h5a43.jpg
2026-06-04;Süütu;11.6640;https://s.err.ee/photo/orig/2026/02/09/3192578h8270.jpg
2026-06-04;TV 10 olümpiastarti;93.6271;https://s.err.ee/photo/orig/2024/03/26/2325351hfb12.jpg
2026-06-04;Taanimaa imeline taltsutamata loodus;44.0498;https://s.err.ee/photo/orig/2026/04/13/3300754hfbc3.jpg
2026-06-04;Taavi Teplenkov - tema majesteet komödiant;4.4836;https://s.err.ee/photo/orig/2025/05/05/2848052h5e06.jpg
2026-06-04;Tabamata ime;31.3983;https://s.err.ee/photo/orig/2024/09/09/2539102hd31b.jpg
2026-06-04;Tabuun;64.2258;https://s.err.ee/photo/orig/2025/10/13/3048396h2ba8.jpg
2026-06-04;Taevatrepp;52.0570;https://s.err.ee/photo/orig/2026/03/31/3284988h84c6.jpg
2026-06-04;Taevavalvurid;14.5875;https://s.err.ee/photo/orig/2019/11/21/711935h16e3.jpg
2026-06-04;Tagamõtsa;33.6143;https://s.err.ee/photo/orig/2025/11/03/3074517h0f22.jpg
2026-06-04;Tagasi Kadriorus;17.9246;https://s.err.ee/photo/orig/2025/03/31/2806652hdc94.jpg
2026-06-04;Tagasi jääle;227.6522;https://s.err.ee/photo/orig/2024/11/06/2606911h541a.jpg
2026-06-04;Tallinn olümpiatuultes;5.4038;https://s.err.ee/photo/orig/2025/04/28/2839655h3378.jpg
2026-06-04;Talvik, Eesti Televisioonist;1.1224;https://s.err.ee/photo/orig/2025/06/09/2894892he91e.jpg
2026-06-04;Tanel ja kanad;8.7096;https://s.err.ee/photo/orig/2024/12/04/2643340ha123.jpg
2026-06-04;Tants aurukatla ümber;124.6579;https://s.err.ee/photo/orig/2024/07/30/2492284h7e69.jpg
2026-06-04;Tantsutüdrukud;107.3874;https://s.err.ee/photo/orig/2023/12/30/2199688h34ca.jpg
2026-06-04;Tarmo album;26.5280;https://s.err.ee/photo/orig/2026/02/10/3196262h7a01.jpg
2026-06-04;Tartu 2024. Kontsertetendus Suudlev Tartu;9.6505;https://s.err.ee/photo/orig/2024/05/17/2400348h817a.jpg
2026-06-04;Tartu aknad, mu arm;37.9385;https://s.err.ee/photo/orig/2024/11/14/2618908h6c3d.jpg
2026-06-04;Tartu muusikapäevad;7.4674;https://s.err.ee/photo/orig/2026/01/06/3146332h7dff.png
2026-06-04;Teadlaste öö: Armastuse valem;9.5004;https://s.err.ee/photo/orig/2024/03/13/2305848hfcba.jpg
2026-06-04;TeadusEST;29.4382;https://s.err.ee/photo/orig/2025/09/04/3000465h0fc3.jpg
2026-06-04;Teater laulab;11.8954;https://s.err.ee/photo/orig/2024/03/22/2318280h43b7.jpg
2026-06-04;Teatrietendus. Arkaadia;36.6214;https://s.err.ee/photo/orig/2026/03/24/3274611h481a.jpg
2026-06-04;Teatrietendus. Hiirelõks;79.0462;https://s.err.ee/photo/orig/2020/07/01/793001hc12b.jpg
2026-06-04;Teatrietendus. Isamaa pääsukesed;40.5777;https://s.err.ee/photo/orig/2026/04/25/3398349h4636.jpg
2026-06-04;Teatrietendus. Juudit;13.1283;https://s.err.ee/photo/orig/2026/03/24/3274299hc829.jpg
2026-06-04;Teatrietendus. Kes aevastas?;9.6505;https://s.err.ee/photo/orig/2024/11/14/2618923h2612.jpg
2026-06-04;Teatrietendus. Kolm korda üle õla;87.5858;https://s.err.ee/photo/orig/2026/04/24/3397609h9b76.jpg
2026-06-04;Teatrietendus. Kolm õde;58.1062;https://s.err.ee/photo/orig/2026/03/30/3283920h174a.jpg
2026-06-04;Teatrietendus. Mees, naine ja kontsert;28.3369;https://s.err.ee/photo/orig/2024/06/14/2436845h2cc0.jpg
2026-06-04;Teatrietendus. Mikumärdi;17.8593;https://s.err.ee/photo/orig/2020/07/02/793367h1b86.jpg
2026-06-04;Teatrietendus. Mäng lossis;26.9201;https://s.err.ee/photo/orig/2026/02/09/3194504h0ca4.jpg
2026-06-04;Teatrietendus. Obinitsa;55.2009;https://s.err.ee/photo/orig/2026/03/24/3274290h6528.jpg
2026-06-04;Teatrietendus. Pisuhänd;14.5465;https://s.err.ee/photo/orig/2026/03/27/3278562hbdbc.jpg
2026-06-04;Teatrietendus. Roosiaed;33.0508;https://s.err.ee/photo/orig/2026/03/30/3283524he485.jpg
2026-06-04;Teatrietendus. Saateviga;29.8284;https://s.err.ee/photo/orig/2025/03/31/2806622h5dad.jpg
2026-06-04;Teatrietendus. Silme ees läheb mustaks;20.8303;https://s.err.ee/photo/orig/2021/03/24/966208hfe47.jpg
2026-06-04;Teatrietendus. Säärane mulk ehk Sada vakka tangusoola;132.0215;https://s.err.ee/photo/orig/2022/05/18/1478074h90cd.jpg
2026-06-04;Teatrihetked Lia Laatsiga;23.9175;https://s.err.ee/photo/orig/2026/02/09/3192548hca95.jpg
2026-06-04;Tee oma tee;115.1144;https://s.err.ee/photo/orig/2026/03/03/3236636h4664.jpg
2026-06-04;Teel jalgpalli MM-ile;331.6033;https://s.err.ee/photo/orig/2026/05/25/3594982h6780.jpg
2026-06-04;Teeme ise!;290.1317;https://s.err.ee/photo/orig/2026/05/29/3599881h9325.jpg
2026-06-04;Tehisaru ja töö;18.7993;https://s.err.ee/photo/orig/2025/12/19/3130984h9f36.jpg
2026-06-04;Teised;248.0337;https://s.err.ee/photo/orig/2024/10/22/2589874h9394.jpg
2026-06-04;Teisikud;75.1129;https://s.err.ee/photo/orig/2024/04/26/2371524h9723.jpg
2026-06-04;Telelavastus. Armujook;10.1584;https://s.err.ee/photo/orig/2026/02/24/3224705h039f.jpg
2026-06-04;Telelavastus. Kahe kodu ballaad;27.0184;https://s.err.ee/photo/orig/2020/07/01/793006haeda.jpg
2026-06-04;Telelavastus. Kala neljale;125.4205;https://s.err.ee/photo/orig/2020/06/16/789037hc360.jpg
2026-06-04;Telelavastus. Kuninganna Maudi maa;284.5736;https://s.err.ee/photo/orig/2026/05/25/3595570hda41.jpg
2026-06-04;Telelavastus. Kuulsuse narrid;16.1181;https://s.err.ee/photo/orig/2024/04/05/2339910hc2de.jpg
2026-06-04;Telelavastus. Lunastus;21.9266;https://s.err.ee/photo/orig/2026/04/03/3289005hbc84.jpg
2026-06-04;Telelavastus. Meie maja tsirkus;11.8483;https://s.err.ee/photo/orig/2026/03/09/3247970hb92c.jpg
2026-06-04;Telelavastus. Minu visiitkaart;6.7393;https://s.err.ee/photo/orig/2022/06/08/1504168h029d.jpg
2026-06-04;Telelavastus. Odav spetsialist;18.7993;https://s.err.ee/photo/orig/2025/07/21/2953980he01e.jpg
2026-06-04;Telelavastus. Pildikesi Paunverest;97.0480;https://s.err.ee/photo/orig/2025/01/02/2678332h0b06.jpg
2026-06-04;Telelavastus. Pisuhänd;203.1726;https://s.err.ee/photo/orig/2021/04/27/992593hde60.jpg
2026-06-04;Telelavastus. Püha Katariina pöörane õhtusöömaaeg;8.7096;https://s.err.ee/photo/orig/2026/01/19/3158473h2564.jpg
2026-06-04;Telelavastus. Püha Susanna ehk Meistrite kool;54.9524;https://s.err.ee/photo/orig/2024/08/13/2508109h799f.jpg
2026-06-04;Telelavastus. Rudolf ja Irma;13.8192;https://s.err.ee/photo/orig/2024/03/18/2312814h2c9e.jpg
2026-06-04;Telelavastus. Vigased pruudid;92.1956;https://s.err.ee/photo/orig/2024/07/24/2484598h4ff8.jpg
2026-06-04;Telelavastus. Üle linna Vinski;42.7134;https://s.err.ee/photo/orig/2024/06/25/2452321hb647.jpg
2026-06-04;Terevisioon;482.0148;https://s.err.ee/photo/orig/2025/09/01/2996061h7822.jpg
2026-06-04;Terve vaim;53.5955;https://s.err.ee/photo/orig/2026/03/02/3235418hef71.png
2026-06-04;Tiivasirutus;352.4428;https://s.err.ee/photo/orig/2025/01/06/2680468h0195.jpg
2026-06-04;Tilda Swinton. Soopiiride nihutaja;86.1051;https://s.err.ee/photo/orig/2026/04/13/3301039hbccf.jpg
2026-06-04;Tippkohtumine;17.9096;https://s.err.ee/photo/orig/2025/09/17/3017937h00b9.jpg
2026-06-04;Tippvormi koos Tom Kerridge'iga;4.9540;https://s.err.ee/photo/orig/2023/09/06/2066336h5720.jpg
2026-06-04;Tom Hanks. Nomaad;94.5532;https://s.err.ee/photo/orig/2024/03/07/2297985he82a.jpg
2026-06-04;Topeltpanused;7.8520;https://s.err.ee/photo/orig/2024/07/17/2476930h12bf.jpg
2026-06-04;Tordidünastia;11.0808;https://s.err.ee/photo/orig/2023/11/30/2169052hcfbd.jpg
2026-06-04;Torm;11.6640;https://s.err.ee/photo/orig/2024/05/17/2400534he7c1.jpg
2026-06-04;Torn;465.9618;https://s.err.ee/photo/orig/2026/05/07/3561301h3082.jpg
2026-06-04;Torupillimängud;957.1654;https://s.err.ee/photo/orig/2026/05/29/3599974h889d.jpg
2026-06-04;Truu naine;138.9700;https://s.err.ee/photo/orig/2026/05/04/3498718h3475.jpg
2026-06-04;Tuhat tutvust;13.1283;https://s.err.ee/photo/orig/2026/02/09/3194132hdd18.jpg
2026-06-04;Tujurikkuja;33.0508;https://s.err.ee/photo/orig/2025/12/22/3134740hf985.jpg
2026-06-04;Tuled kodusadamas;323.2172;https://s.err.ee/photo/orig/2025/03/17/2785466h95be.jpg
2026-06-04;Tulevik ülaltvaates;18.3378;https://s.err.ee/photo/orig/2025/10/13/3048324h4946.jpg
2026-06-04;Tuulearmuke;225.1220;https://s.err.ee/photo/orig/2024/02/21/2271249h25b3.jpg
2026-06-04;Tuulelohe, luulelohe;3.2355;https://s.err.ee/photo/orig/2025/06/20/2906397hb492.jpg
2026-06-04;Tuulepealne maa;162.2951;https://s.err.ee/photo/orig/2024/02/23/2273451hdcdd.jpg
2026-06-04;Tähelaev;304.6788;https://s.err.ee/photo/orig/2026/05/29/3599893h6d5a.jpg
2026-06-04;Tähtede lava;18.7993;https://s.err.ee/photo/orig/2024/04/03/2337033hc4d4.jpg
2026-06-04;Täiuslik noot. Céline Dioni seiklus Šveitsis;4.8769;https://s.err.ee/photo/orig/2025/03/13/2778305h819a.jpg
2026-06-04;Täiuslikud jõulud;8.1454;https://s.err.ee/photo/orig/2023/12/20/2190187h3258.jpg
2026-06-04;Täiuslikud võõrad;55.3853;https://s.err.ee/photo/orig/2025/05/05/2848967h8e4b.jpg
2026-06-04;Täna öösel me ei maga;18.5069;https://s.err.ee/photo/orig/2024/06/18/2441069hb613.jpg
2026-06-04;Tõde ja valed;96.5878;https://s.err.ee/photo/orig/2025/09/15/3015207hb612.jpg
2026-06-04;Tõde ja õigus. Filmi lugu;54.5180;https://s.err.ee/photo/orig/2024/04/16/2359257hce4a.jpg
2026-06-04;Tõeline Mo Farah;487.0369;https://s.err.ee/photo/orig/2023/11/22/2159407h1afe.jpg
2026-06-04;Tütar raudse eesriide tagant;6.7393;https://s.err.ee/photo/orig/2023/08/14/2033471h22dc.jpg
2026-06-04;Tšingis-khaani Mongoolia;110.1541;https://s.err.ee/photo/orig/2024/10/16/2583151h469c.jpg
2026-06-04;Tšornobõl 22;39.5528;https://s.err.ee/photo/orig/2026/04/27/3399535h6f65.jpg
2026-06-04;Tšornobõli katastroof;245.1834;https://s.err.ee/photo/orig/2026/04/08/3294720hc714.jpg
2026-06-04;Ukraina naised;7.8604;https://s.err.ee/photo/orig/2025/08/19/2978832h5cd6.jpg
2026-06-04;Ukraina stuudio;364.5027;https://s.err.ee/photo/orig/2022/03/01/1378553h7f09.jpg
2026-06-04;Ukrainlased sõjas;8.7003;https://s.err.ee/photo/orig/2024/02/16/2261409h36c8.jpg
2026-06-04;Ukuaru muusikamaja avamine;1.6364;https://s.err.ee/photo/orig/2026/01/26/3165728h4995.jpg
2026-06-04;Uljas hing;31.1449;https://s.err.ee/photo/orig/2026/03/30/3283521hb4e1.jpg
2026-06-04;Ultima Thule Linnahallis;14.5465;https://s.err.ee/photo/orig/2025/12/01/3109161hb629.jpg
2026-06-04;Uma Thurman, Hollywoodi vaikne sõdalane;19.3475;https://s.err.ee/photo/orig/2026/02/03/3177428h025a.jpg
2026-06-04;Uni;17.5104;https://s.err.ee/photo/orig/2025/06/09/2894985hc967.jpg
2026-06-04;Uno;2.3784;https://s.err.ee/photo/orig/2025/05/26/2878527hf394.jpg
2026-06-04;Uno Loop. Armastuse värvid;199.8164;https://s.err.ee/photo/orig/2025/05/26/2878347h335d.jpg
2026-06-04;Unustamatu JAM;15.3122;https://s.err.ee/photo/orig/2024/12/30/2676364h4fbe.jpg
2026-06-04;Urissaare kauboid;16.5340;https://s.err.ee/photo/orig/2024/12/30/2675983h0121.jpg
2026-06-04;Uskumatu, aga tõsi;100.2350;https://s.err.ee/photo/orig/2025/10/31/3071031hfbeb.jpg
2026-06-04;Uued õed;86.3511;https://s.err.ee/photo/orig/2023/03/08/1819811h5fee.jpg
2026-06-04;Uurimusfilm doktor Enn Vetemaa märkmeraamatute põhjal. Eesti näkid;11.2558;https://s.err.ee/photo/orig/2023/12/29/2198971hdb01.jpg
2026-06-04;Vaalamaailm;104.4583;https://s.err.ee/photo/orig/2025/04/28/2839409ha83a.jpg
2026-06-04;Vaarao sõjavägi;17.5816;https://s.err.ee/photo/orig/2026/01/07/3146998h4b12.png
2026-06-04;Vaata kööki!;15.4286;https://s.err.ee/photo/orig/2024/12/16/2657047hde61.jpg
2026-06-04;Vabadussõja lugu;10.6930;https://s.err.ee/photo/orig/2024/02/11/2255304hebd7.jpg
2026-06-04;Vaga vesi;68.2550;https://s.err.ee/photo/orig/2024/12/23/2668009h1eb5.jpg
2026-06-04;Vahemeri;48.6301;https://s.err.ee/photo/orig/2025/01/06/2680654hb6c2.jpg
2026-06-04;Vaikimine;61.8085;https://s.err.ee/photo/orig/2024/08/28/2526092h4126.jpg
2026-06-04;Vaikimiskoodeks;130.2734;https://s.err.ee/photo/orig/2026/05/11/3574645h7430.jpg
2026-06-04;Vaikne sissetung: Hiina Balkani strateegia;21.8063;https://s.err.ee/photo/orig/2024/10/21/2588803h7cdc.jpg
2026-06-04;Vallalisuse võlud;12.2779;https://s.err.ee/photo/orig/2024/10/15/2581087h4b58.jpg
2026-06-04;Vana aja asjad;33.7748;https://s.err.ee/photo/orig/2024/03/20/2315169h04ff.jpg
2026-06-04;Vana arm ei roosteta;26.3673;https://s.err.ee/photo/orig/2026/01/12/3151981hc396.jpg
2026-06-04;Vanaaja seitse maailmaimet;222.0221;https://s.err.ee/photo/orig/2026/03/09/3248174hd52d.jpg
2026-06-04;Vanad ja kobedad;180.0397;https://s.err.ee/photo/orig/2024/07/19/2478484h9461.jpg
2026-06-04;Vanaemalaulud;47.3279;https://s.err.ee/photo/orig/2025/12/08/3118372hda6e.jpg
2026-06-04;Vanameeste paradiis;68.0018;https://s.err.ee/photo/orig/2020/10/20/830884h6278.jpg
2026-06-04;Vanilla Ninja. Suhkrust ja terasest;174.1264;https://s.err.ee/photo/orig/2026/05/04/3484243hb119.jpg
2026-06-04;Vanusevahe;38.5078;https://s.err.ee/photo/orig/2024/11/11/2614609h9349.jpg
2026-06-04;Vapratest vapramad;102.0140;https://s.err.ee/photo/orig/2026/02/09/3192527hfb1d.jpg
2026-06-04;Vara küps;198.4561;https://s.err.ee/photo/orig/2026/03/31/3284268hd126.jpg
2026-06-04;Varastatud kohtumine;191.0214;https://s.err.ee/photo/orig/2021/03/17/957976h14e3.jpg
2026-06-04;Varastatud lootus: Armukelm;361.7943;https://s.err.ee/photo/orig/2025/10/13/3049365h02f8.jpg
2026-06-04;Varblane, mitte kanaarilind;18.5069;https://s.err.ee/photo/orig/2024/11/28/2636224h2418.jpg
2026-06-04;Variparadiis;7.4674;https://s.err.ee/photo/orig/2025/12/23/3135502hdfe7.jpg
2026-06-04;Vastutav. Laastatud planeedil äri ajada ei saa;77.2534;https://s.err.ee/photo/orig/2026/05/04/3482743h7803.jpg
2026-06-04;Veetee;24.2954;https://s.err.ee/photo/orig/2024/04/02/2336007h9a03.jpg
2026-06-04;Vendade Grimmide muinasjutumets;6.9836;https://s.err.ee/photo/orig/2023/12/26/2196091h22b5.jpg
2026-06-04;Venemaa, Hiina, Iraan - impeeriumide revanš;23.0806;https://s.err.ee/photo/orig/2025/06/22/2908530hd936.jpg
2026-06-04;Vera;168.0138;https://s.err.ee/photo/orig/2025/10/20/3059670h7d82.jpg
2026-06-04;Vernanda;15.0740;https://s.err.ee/photo/orig/2024/04/10/2347224h386e.jpg
2026-06-04;Veronika;20.8081;https://s.err.ee/photo/orig/2025/11/03/3074676h7e43.jpg
2026-06-04;Vetelkõndija;40.9400;https://s.err.ee/photo/orig/2023/12/19/2188057hfc1b.jpg
2026-06-04;Veteranirock 2026;153.0211;https://s.err.ee/photo/orig/2026/04/20/3345208h3798.jpg
2026-06-04;Vetikate lummuses;169.9424;https://s.err.ee/photo/orig/2026/05/04/3482764hedff.jpg
2026-06-04;Veto: Maailmarahu suurim hädaoht;7.0940;https://s.err.ee/photo/orig/2026/03/30/3282840ha5a1.jpg
2026-06-04;Via Dolorosa;28.8146;https://s.err.ee/photo/orig/2024/03/28/2328882h80c8.jpg
2026-06-04;Vigala Sass - viimased lindid;441.5186;https://s.err.ee/photo/orig/2022/04/26/1448614hb637.jpg
2026-06-04;Vigursõit vanalinnas;3.5850;https://s.err.ee/photo/orig/2024/04/30/2375925h9696.jpg
2026-06-04;Viimane buss;28.5073;https://s.err.ee/photo/orig/2024/03/26/2325264h3142.jpg
2026-06-04;Viimane kiri kallimalt;15.2958;https://s.err.ee/photo/orig/2023/12/04/2172424h1af6.jpg
2026-06-04;Viini Filharmoonikute uusaastakontsert 2026;71.3392;https://s.err.ee/photo/orig/2025/12/24/3136693h6ac6.jpg
2026-06-04;Viis minutit veel;52.3081;https://s.err.ee/photo/orig/2025/02/28/2762969heee1.jpg
2026-06-04;Viru säru;354.8177;https://s.err.ee/photo/orig/2024/08/19/2512387h8b28.jpg
2026-06-04;Volikiri Alo Mattiisenile;63.5581;https://s.err.ee/photo/orig/2021/04/15/983818h271b.jpg
2026-06-04;Von Fock;429.7802;https://s.err.ee/photo/orig/2025/03/11/2774999he509.jpg
2026-06-04;Väike nõid;71.3392;https://s.err.ee/photo/orig/2023/04/28/1888058hdb0b.jpg
2026-06-04;Väikelinna detektiivid ja Valge Daami saladus;19.4809;https://s.err.ee/photo/orig/2024/06/17/2440187h69ab.jpg
2026-06-04;Väikevend ja Karlsson katuselt;107.5324;https://s.err.ee/photo/orig/2025/08/19/2978904hee38.jpg
2026-06-04;Väinad maa ja mere vahel;82.0678;https://s.err.ee/photo/orig/2026/04/03/3288975h3eaa.jpg
2026-06-04;Välisilm;199.8412;https://s.err.ee/photo/orig/2024/09/02/2532371hb10e.jpg
2026-06-04;Väljasuremine: faktid;80.8269;https://s.err.ee/photo/orig/2024/03/13/2305164h4875.jpg
2026-06-04;Värvimuusika;44.2740;https://s.err.ee/photo/orig/2024/05/09/2386410hb8e1.jpg
2026-06-04;Võidab see, kellel on kõige hullem mees;67.7722;https://s.err.ee/photo/orig/2025/12/19/3131626h55cb.jpg
2026-06-04;"Võistluskontsert ""Apelsin""";31.3983;https://s.err.ee/photo/orig/2023/06/21/1961180h9540.jpg
2026-06-04;Võlausaldajad;47.3279;https://s.err.ee/photo/orig/2026/03/10/3249491hb02b.jpg
2026-06-04;Võlg;92.1956;https://s.err.ee/photo/orig/2025/08/21/2981697h4231.jpg
2026-06-04;Võrokese;13.8192;https://s.err.ee/photo/orig/2025/11/03/3074538hde36.jpg
2026-06-04;Võrsuv põlvkond;572.4114;https://s.err.ee/photo/orig/2026/05/29/3599659h9193.jpg
2026-06-04;Võtmeke;25.5741;https://s.err.ee/photo/orig/2025/07/28/2960901hf3fb.jpg
2026-06-04;Vürtside võlumaailm;137.1664;https://s.err.ee/photo/orig/2026/04/07/3293575he208.jpg
2026-06-04;Wikmani poisid;151.3858;https://s.err.ee/photo/orig/2023/10/03/2097587h9a86.jpg
2026-06-04;Wunderbar Vaarik;57.6923;https://s.err.ee/photo/orig/2024/05/13/2392893h7f3a.jpg
2026-06-04;XIII noorte tantsupidu Sillad;67.7722;https://s.err.ee/photo/orig/2024/05/29/2417811hd520.jpg
2026-06-04;"XXI tantsupidu ""Iseoma""";49.8188;https://s.err.ee/photo/orig/2025/07/03/2919921h2410.jpg
2026-06-04;"XXVIII laulu- ja XXI tantsupidu ""Iseoma""";97.0480;https://s.err.ee/photo/orig/2025/07/03/2919792hb838.jpg
2026-06-04;"XXVIII laulupidu ""Iseoma"". Suurkontsert";20.8303;https://s.err.ee/photo/orig/2025/07/03/2919600h4bc6.jpg
2026-06-04;Zoja;19.7677;https://s.err.ee/photo/orig/2025/10/20/3059571heaee.jpg
2026-06-04;Zorro mask;479.3782;https://s.err.ee/photo/orig/2026/05/25/3595972hea4e.jpg
2026-06-04;ehh, uhhuduur;86.4402;https://s.err.ee/photo/orig/2024/02/02/2240574h6a75.jpg
2026-06-04;Ämblikmees: Pole koduteed;571.3024;https://s.err.ee/photo/orig/2026/05/25/3595870haedd.jpg
2026-06-04;Ära jäta mind maha;9.1680;https://s.err.ee/photo/orig/2024/01/26/2230203hcf53.jpg
2026-06-04;Ärapanija;24.2954;https://s.err.ee/photo/orig/2023/12/27/2196352h7254.jpg
2026-06-04;Õde Boniface'i mõistatused;75.0139;https://s.err.ee/photo/orig/2025/01/08/2682982hc1e2.jpg
2026-06-04;Õhinapõhised;368.1755;https://s.err.ee/photo/orig/2026/02/24/3225218hda52.jpg
2026-06-04;Õhtu rannal. Valter Ojakäär 100;5.7781;https://s.err.ee/photo/orig/2025/12/22/3133978h5be8.jpg
2026-06-04;Õhtutäht;7.0940;https://s.err.ee/photo/orig/2024/05/31/2420451h1c76.jpg
2026-06-04;Õhukesel jääl. Putin ja Greenpeace;160.0234;https://s.err.ee/photo/orig/2026/05/11/3574108h9548.jpg
2026-06-04;Õiglus;13.1143;https://s.err.ee/photo/orig/2023/09/04/2063567hc40a.jpg
2026-06-04;Õmblusmasin;134.3187;https://s.err.ee/photo/orig/2026/03/31/3284142h20a4.jpg
2026-06-04;Õnne 13;429.9358;https://s.err.ee/photo/orig/2024/09/03/2533481h4220.jpg
2026-06-04;Õnnega koos;4.9540;https://s.err.ee/photo/orig/2024/06/26/2452463h7d63.jpg
2026-06-04;Õnnelind flamingo;186.3217;https://s.err.ee/photo/orig/2020/04/29/774602hbe0c.jpg
2026-06-04;Õnnemajake;34.7533;https://s.err.ee/photo/orig/2025/03/31/2806667h12ff.jpg
2026-06-04;Õnnepalu aeg;23.2867;https://s.err.ee/photo/orig/2024/05/28/2415198h785c.jpg
2026-06-04;Öine navigatsioon;325.2345;https://s.err.ee/photo/orig/2026/05/25/3595831h1b4e.jpg
2026-06-04;Öine rong;131.6665;https://s.err.ee/photo/orig/2025/03/24/2798354hf983.jpg
2026-06-04;Öised lood;58.9334;https://s.err.ee/photo/orig/2024/02/02/2241168h8968.jpg
2026-06-04;Öko? Loogiline;35.3837;https://s.err.ee/photo/orig/2024/01/25/2229393h7e73.jpg
2026-06-04;Ökomajad;38.0936;https://s.err.ee/photo/orig/2024/06/06/2428451hcf71.jpg
2026-06-04;Öökull;789.5678;https://s.err.ee/photo/orig/2026/06/01/3602335hbab0.jpg
2026-06-04;Ühe maja lugu;7.4674;https://s.err.ee/photo/orig/2023/11/10/2145139hc6fa.jpg
2026-06-04;Ühe minuti filmid 2020 - Digikultuuriaasta;15.8674;https://s.err.ee/photo/orig/2025/12/15/3125341h53a4.jpg
2026-06-04;Ühe minuti filmid 2021 - Keel ja keskkond;16.7025;https://s.err.ee/photo/orig/2025/12/15/3125329h38b3.jpg
2026-06-04;Ühe minuti filmid 2022 - Keha ja keel;17.5816;https://s.err.ee/photo/orig/2024/11/26/2633824h5fbd.jpg
2026-06-04;Ühe minuti filmid 2023 - Märk ja meel;6.3027;https://s.err.ee/photo/orig/2024/07/16/2475652h8e37.jpg
2026-06-04;Ühe minuti filmid 2024 - AI=TA;9.0254;https://s.err.ee/photo/orig/2024/12/09/2648032hc22f.jpg
2026-06-04;Ühe minuti filmid 2025 - Loovus vs Loodus;11.0808;https://s.err.ee/photo/orig/2025/07/01/2916177hd724.jpg
2026-06-04;Üks ilus hommik;15.0893;https://s.err.ee/photo/orig/2024/03/22/2318364h3f68.jpg
2026-06-04;Üks lugu;167.9679;https://s.err.ee/photo/orig/2024/05/23/2408991hc89d.jpg
2026-06-04;Üks mu sõber;77.7376;https://s.err.ee/photo/orig/2024/05/17/2400555hcf66.jpg
2026-06-04;Üks päev;20.3238;https://s.err.ee/photo/orig/2023/10/09/2104910habbd.jpg
2026-06-04;Ükskord Odessas;42.6679;https://s.err.ee/photo/orig/2024/10/14/2579695h4ea2.jpg
2026-06-04;Ükskord elus oli nii...;101.1684;https://s.err.ee/photo/orig/2025/12/20/3131950hf7f2.jpg
2026-06-04;Ükskord laupäeval;106.0851;https://s.err.ee/photo/orig/2024/01/16/2216490hd411.jpg
2026-06-04;Ükskord metsas;136.8911;https://s.err.ee/photo/orig/2025/04/30/2843009h69be.jpg
2026-06-04;Üle noatera;26.9201;https://s.err.ee/photo/orig/2020/11/30/850030h720b.jpg
2026-06-04;Ülestõusmispühade jumalateenistus EKNK Toompea Koguduses;20.0115;https://s.err.ee/photo/orig/2026/04/02/3288222hb3b1.jpg
