rowOrder;titleOrderInRow;positionScore
1;1;1000.0
2;1;900.0
2;2;855.0
2;3;812.25
2;4;771.6374999999999
2;5;694.47375
2;6;555.5790000000001
2;7;527.80005
2;8;501.4100475
2;9;476.339545125
2;10;452.52256786874995
2;11;429.89643947531243
2;12;408.4016175015468
2;13;387.98153662646945
2;14;368.58245979514595
2;15;350.1533368053886
2;16;332.64566996511917
2;17;316.0133864668632
2;18;300.21271714352
2;19;285.202081286344
2;20;270.9419772220268
2;21;257.3948783609255
2;22;244.5251344428792
2;23;232.29887772073522
2;24;220.68393383469845
2;25;209.64973714296352
2;26;199.16725028581533
2;27;189.20888777152456
2;28;179.74844338294832
2;29;170.7610212138009
2;30;162.22297015311082
2;31;154.11182164545528
2;32;146.4062305631825
2;33;139.08591903502338
2;34;132.13162308327222
2;35;125.5250419291086
2;36;119.24878983265316
2;37;113.2863503410205
2;38;107.62203282396946
2;39;102.24093118277098
2;40;97.12888462363243
2;41;92.2724403924508
2;42;87.65881837282826
2;43;83.27587745418684
2;44;79.11208358147749
2;45;75.15647940240362
2;46;71.39865543228343
2;47;67.82872266066926
2;48;64.43728652763579
2;49;61.215422201254
2;50;58.1546510911913
2;51;55.24691853663173
2;52;52.484572609800146
2;53;49.86034397931014
2;54;47.36732678034463
2;55;44.99896044132739
2;56;42.74901241926102
2;57;40.61156179829797
2;58;38.58098370838307
2;59;36.65193452296392
2;60;34.819337796815724
2;61;33.07837090697494
2;62;31.42445236162619
2;63;29.85322974354488
2;64;28.360568256367635
2;65;26.942539843549252
2;66;25.595412851371787
2;67;24.315642208803197
2;68;23.099860098363035
2;69;21.94486709344488
2;70;20.847623738772636
3;1;720.0
3;2;684.0
3;3;649.8
3;4;617.31
3;5;555.579
3;6;444.4632
3;7;422.24003999999996
3;8;401.12803799999995
3;9;381.0716360999999
3;10;362.0180542949999
3;11;343.9171515802499
3;12;326.72129400123737
3;13;310.38522930117546
3;14;294.8659678361167
3;15;280.1226694443108
3;16;266.1165359720953
3;17;252.8107091734905
3;18;240.17017371481595
3;19;228.16166502907512
3;20;216.75358177762135
3;21;205.91590268874026
3;22;195.62010755430325
3;23;185.83910217658809
3;24;176.5471470677587
3;25;167.71978971437073
3;26;159.3338002286522
3;27;151.3671102172196
3;28;143.7987547063586
3;29;136.60881697104068
3;30;129.77837612248865
3;31;123.2894573163642
3;32;117.124984450546
3;33;111.26873522801868
3;34;105.70529846661775
3;35;100.42003354328686
3;36;95.39903186612251
3;37;90.62908027281638
3;38;86.09762625917556
3;39;81.79274494621677
3;40;77.70310769890592
3;41;73.81795231396063
3;42;70.1270546982626
3;43;66.62070196334946
3;44;63.289666865181985
3;45;60.125183521922885
3;46;57.11892434582674
3;47;54.2629781285354
3;48;51.54982922210863
3;49;48.972337761003196
3;50;46.523720872953035
3;51;44.19753482930538
3;52;41.98765808784011
3;53;39.8882751834481
3;54;37.89386142427569
3;55;35.999168353061904
3;56;34.19920993540881
3;57;32.48924943863837
3;58;30.864786966706447
3;59;29.321547618371124
3;60;27.855470237452565
3;61;26.462696725579935
3;62;25.139561889300936
3;63;23.882583794835888
3;64;22.688454605094094
3;65;21.55403187483939
3;66;20.476330281097418
3;67;19.452513767042547
3;68;18.47988807869042
3;69;17.555893674755897
3;70;16.6780989910181
4;1;684.0
4;2;649.8
4;3;617.31
4;4;586.4445
4;5;527.8000499999999
4;6;422.24003999999996
4;7;401.12803799999995
4;8;381.0716360999999
4;9;362.0180542949999
4;10;343.9171515802499
4;11;326.72129400123737
4;12;310.38522930117546
4;13;294.8659678361167
4;14;280.1226694443108
4;15;266.1165359720953
4;16;252.8107091734905
4;17;240.17017371481595
4;18;228.16166502907512
4;19;216.75358177762135
4;20;205.91590268874026
4;21;195.62010755430325
4;22;185.83910217658809
4;23;176.5471470677587
4;24;167.71978971437073
4;25;159.3338002286522
4;26;151.3671102172196
4;27;143.7987547063586
4;28;136.60881697104068
4;29;129.77837612248865
4;30;123.2894573163642
4;31;117.124984450546
4;32;111.26873522801868
4;33;105.70529846661775
4;34;100.42003354328686
4;35;95.39903186612251
4;36;90.62908027281638
4;37;86.09762625917556
4;38;81.79274494621677
4;39;77.70310769890592
4;40;73.81795231396063
4;41;70.1270546982626
4;42;66.62070196334946
4;43;63.289666865181985
4;44;60.125183521922885
4;45;57.11892434582674
4;46;54.2629781285354
4;47;51.54982922210863
4;48;48.972337761003196
4;49;46.523720872953035
4;50;44.19753482930538
4;51;41.98765808784011
4;52;39.8882751834481
4;53;37.89386142427569
4;54;35.999168353061904
4;55;34.19920993540881
4;56;32.48924943863837
4;57;30.864786966706447
4;58;29.321547618371124
4;59;27.855470237452565
4;60;26.462696725579935
4;61;25.139561889300936
4;62;23.882583794835888
4;63;22.688454605094094
4;64;21.55403187483939
4;65;20.476330281097418
4;66;19.452513767042547
4;67;18.47988807869042
4;68;17.555893674755897
4;69;16.6780989910181
4;70;15.844194041467194
5;1;649.8
5;2;617.31
5;3;586.4445
5;4;557.122275
5;5;501.41004749999996
5;6;401.128038
5;7;381.0716361
5;8;362.01805429499996
5;9;343.91715158024994
5;10;326.7212940012374
5;11;310.3852293011755
5;12;294.86596783611674
5;13;280.1226694443109
5;14;266.11653597209533
5;15;252.81070917349055
5;16;240.170173714816
5;17;228.16166502907518
5;18;216.7535817776214
5;19;205.91590268874032
5;20;195.6201075543033
5;21;185.83910217658814
5;22;176.54714706775871
5;23;167.71978971437076
5;24;159.33380022865222
5;25;151.36711021721962
5;26;143.79875470635864
5;27;136.6088169710407
5;28;129.77837612248868
5;29;123.28945731636423
5;30;117.12498445054602
5;31;111.26873522801871
5;32;105.70529846661778
5;33;100.42003354328688
5;34;95.39903186612253
5;35;90.6290802728164
5;36;86.09762625917557
5;37;81.79274494621679
5;38;77.70310769890594
5;39;73.81795231396063
5;40;70.1270546982626
5;41;66.62070196334946
5;42;63.289666865181985
5;43;60.125183521922885
5;44;57.11892434582674
5;45;54.2629781285354
5;46;51.54982922210863
5;47;48.972337761003196
5;48;46.523720872953035
5;49;44.19753482930538
5;50;41.98765808784011
5;51;39.8882751834481
5;52;37.89386142427569
5;53;35.999168353061904
5;54;34.19920993540881
5;55;32.48924943863837
5;56;30.864786966706447
5;57;29.321547618371124
5;58;27.855470237452565
5;59;26.462696725579935
5;60;25.139561889300936
5;61;23.882583794835888
5;62;22.688454605094094
5;63;21.55403187483939
5;64;20.476330281097418
5;65;19.452513767042547
5;66;18.47988807869042
5;67;17.555893674755897
5;68;16.6780989910181
5;69;15.844194041467194
5;70;15.051984339393833
6;1;617.31
6;2;586.4445
6;3;557.122275
6;4;529.2661612499999
6;5;476.3395451249999
6;6;381.0716361
6;7;362.01805429499996
6;8;343.91715158024994
6;9;326.7212940012374
6;10;310.3852293011755
6;11;294.86596783611674
6;12;280.1226694443109
6;13;266.11653597209533
6;14;252.81070917349055
6;15;240.170173714816
6;16;228.16166502907518
6;17;216.7535817776214
6;18;205.91590268874032
6;19;195.6201075543033
6;20;185.83910217658814
6;21;176.54714706775871
6;22;167.71978971437076
6;23;159.33380022865222
6;24;151.36711021721962
6;25;143.79875470635864
6;26;136.6088169710407
6;27;129.77837612248868
6;28;123.28945731636423
6;29;117.12498445054602
6;30;111.26873522801871
6;31;105.70529846661778
6;32;100.42003354328688
6;33;95.39903186612253
6;34;90.6290802728164
6;35;86.09762625917557
6;36;81.79274494621679
6;37;77.70310769890594
6;38;73.81795231396063
6;39;70.1270546982626
6;40;66.62070196334946
6;41;63.289666865181985
6;42;60.125183521922885
6;43;57.11892434582674
6;44;54.2629781285354
6;45;51.54982922210863
6;46;48.972337761003196
6;47;46.523720872953035
6;48;44.19753482930538
6;49;41.98765808784011
6;50;39.8882751834481
6;51;37.89386142427569
6;52;35.999168353061904
6;53;34.19920993540881
6;54;32.48924943863837
6;55;30.864786966706447
6;56;29.321547618371124
6;57;27.855470237452565
6;58;26.462696725579935
6;59;25.139561889300936
6;60;23.882583794835888
6;61;22.688454605094094
6;62;21.55403187483939
6;63;20.476330281097418
6;64;19.452513767042547
6;65;18.47988807869042
6;66;17.555893674755897
6;67;16.6780989910181
6;68;15.844194041467194
6;69;15.051984339393833
6;70;14.299385122424141
7;1;586.4445
7;2;557.122275
7;3;529.2661612499999
7;4;502.80285318749986
7;5;452.5225678687499
7;6;362.01805429499996
7;7;343.91715158024994
7;8;326.7212940012374
7;9;310.3852293011755
7;10;294.86596783611674
7;11;280.1226694443109
7;12;266.11653597209533
7;13;252.81070917349055
7;14;240.170173714816
7;15;228.16166502907518
7;16;216.7535817776214
7;17;205.91590268874032
7;18;195.6201075543033
7;19;185.83910217658814
7;20;176.54714706775871
7;21;167.71978971437076
7;22;159.33380022865222
7;23;151.36711021721962
7;24;143.79875470635864
7;25;136.6088169710407
7;26;129.77837612248868
7;27;123.28945731636423
7;28;117.12498445054602
7;29;111.26873522801871
7;30;105.70529846661778
7;31;100.42003354328688
7;32;95.39903186612253
7;33;90.6290802728164
7;34;86.09762625917557
7;35;81.79274494621679
7;36;77.70310769890594
7;37;73.81795231396063
7;38;70.1270546982626
7;39;66.62070196334946
7;40;63.289666865181985
7;41;60.125183521922885
7;42;57.11892434582674
7;43;54.2629781285354
7;44;51.54982922210863
7;45;48.972337761003196
7;46;46.523720872953035
7;47;44.19753482930538
7;48;41.98765808784011
7;49;39.8882751834481
7;50;37.89386142427569
7;51;35.999168353061904
7;52;34.19920993540881
7;53;32.48924943863837
7;54;30.864786966706447
7;55;29.321547618371124
7;56;27.855470237452565
7;57;26.462696725579935
7;58;25.139561889300936
7;59;23.882583794835888
7;60;22.688454605094094
7;61;21.55403187483939
7;62;20.476330281097418
7;63;19.452513767042547
7;64;18.47988807869042
7;65;17.555893674755897
7;66;16.6780989910181
7;67;15.844194041467194
7;68;15.051984339393833
7;69;14.299385122424141
7;70;13.584415866302933
8;1;557.122275
8;2;529.2661612499999
8;3;502.80285318749986
8;4;477.6627105281249
8;5;429.8964394753124
8;6;343.91715158024994
8;7;326.7212940012374
8;8;310.3852293011755
8;9;294.86596783611674
8;10;280.1226694443109
8;11;266.11653597209533
8;12;252.81070917349055
8;13;240.170173714816
8;14;228.16166502907518
8;15;216.7535817776214
8;16;205.91590268874032
8;17;195.6201075543033
8;18;185.83910217658814
8;19;176.54714706775871
8;20;167.71978971437076
8;21;159.33380022865222
8;22;151.36711021721962
8;23;143.79875470635864
8;24;136.6088169710407
8;25;129.77837612248868
8;26;123.28945731636423
8;27;117.12498445054602
8;28;111.26873522801871
8;29;105.70529846661778
8;30;100.42003354328688
8;31;95.39903186612253
8;32;90.6290802728164
8;33;86.09762625917557
8;34;81.79274494621679
8;35;77.70310769890594
8;36;73.81795231396063
8;37;70.1270546982626
8;38;66.62070196334946
8;39;63.289666865181985
8;40;60.125183521922885
8;41;57.11892434582674
8;42;54.2629781285354
8;43;51.54982922210863
8;44;48.972337761003196
8;45;46.523720872953035
8;46;44.19753482930538
8;47;41.98765808784011
8;48;39.8882751834481
8;49;37.89386142427569
8;50;35.999168353061904
8;51;34.19920993540881
8;52;32.48924943863837
8;53;30.864786966706447
8;54;29.321547618371124
8;55;27.855470237452565
8;56;26.462696725579935
8;57;25.139561889300936
8;58;23.882583794835888
8;59;22.688454605094094
8;60;21.55403187483939
8;61;20.476330281097418
8;62;19.452513767042547
8;63;18.47988807869042
8;64;17.555893674755897
8;65;16.6780989910181
8;66;15.844194041467194
8;67;15.051984339393833
8;68;14.299385122424141
8;69;13.584415866302933
8;70;12.905195072987786
9;1;529.2661612499999
9;2;502.80285318749986
9;3;477.6627105281249
9;4;453.7795750017186
9;5;408.40161750154675
9;6;326.7212940012374
9;7;310.3852293011755
9;8;294.86596783611674
9;9;280.1226694443109
9;10;266.11653597209533
9;11;252.81070917349055
9;12;240.170173714816
9;13;228.16166502907518
9;14;216.7535817776214
9;15;205.91590268874032
9;16;195.6201075543033
9;17;185.83910217658814
9;18;176.54714706775871
9;19;167.71978971437076
9;20;159.33380022865222
9;21;151.36711021721962
9;22;143.79875470635864
9;23;136.6088169710407
9;24;129.77837612248868
9;25;123.28945731636423
9;26;117.12498445054602
9;27;111.26873522801871
9;28;105.70529846661778
9;29;100.42003354328688
9;30;95.39903186612253
9;31;90.6290802728164
9;32;86.09762625917557
9;33;81.79274494621679
9;34;77.70310769890594
9;35;73.81795231396063
9;36;70.1270546982626
9;37;66.62070196334946
9;38;63.289666865181985
9;39;60.125183521922885
9;40;57.11892434582674
9;41;54.2629781285354
9;42;51.54982922210863
9;43;48.972337761003196
9;44;46.523720872953035
9;45;44.19753482930538
9;46;41.98765808784011
9;47;39.8882751834481
9;48;37.89386142427569
9;49;35.999168353061904
9;50;34.19920993540881
9;51;32.48924943863837
9;52;30.864786966706447
9;53;29.321547618371124
9;54;27.855470237452565
9;55;26.462696725579935
9;56;25.139561889300936
9;57;23.882583794835888
9;58;22.688454605094094
9;59;21.55403187483939
9;60;20.476330281097418
9;61;19.452513767042547
9;62;18.47988807869042
9;63;17.555893674755897
9;64;16.6780989910181
9;65;15.844194041467194
9;66;15.051984339393833
9;67;14.299385122424141
9;68;13.584415866302933
9;69;12.905195072987786
9;70;12.259935319338396
10;1;502.80285318749986
10;2;477.6627105281249
10;3;453.7795750017186
10;4;431.0905962516327
10;5;387.98153662646945
10;6;310.38522930117557
10;7;294.8659678361168
10;8;280.12266944431093
10;9;266.1165359720954
10;10;252.8107091734906
10;11;240.17017371481606
10;12;228.16166502907524
10;13;216.75358177762146
10;14;205.91590268874037
10;15;195.62010755430336
10;16;185.83910217658817
10;17;176.54714706775874
10;18;167.7197897143708
10;19;159.33380022865225
10;20;151.36711021721962
10;21;143.79875470635864
10;22;136.6088169710407
10;23;129.77837612248868
10;24;123.28945731636423
10;25;117.12498445054602
10;26;111.26873522801871
10;27;105.70529846661778
10;28;100.42003354328688
10;29;95.39903186612253
10;30;90.6290802728164
10;31;86.09762625917557
10;32;81.79274494621679
10;33;77.70310769890594
10;34;73.81795231396063
10;35;70.1270546982626
10;36;66.62070196334946
10;37;63.289666865181985
10;38;60.125183521922885
10;39;57.11892434582674
10;40;54.2629781285354
10;41;51.54982922210863
10;42;48.972337761003196
10;43;46.523720872953035
10;44;44.19753482930538
10;45;41.98765808784011
10;46;39.8882751834481
10;47;37.89386142427569
10;48;35.999168353061904
10;49;34.19920993540881
10;50;32.48924943863837
10;51;30.864786966706447
10;52;29.321547618371124
10;53;27.855470237452565
10;54;26.462696725579935
10;55;25.139561889300936
10;56;23.882583794835888
10;57;22.688454605094094
10;58;21.55403187483939
10;59;20.476330281097418
10;60;19.452513767042547
10;61;18.47988807869042
10;62;17.555893674755897
10;63;16.6780989910181
10;64;15.844194041467194
10;65;15.051984339393833
10;66;14.299385122424141
10;67;13.584415866302933
10;68;12.905195072987786
10;69;12.259935319338396
10;70;11.646938553371475
11;1;477.6627105281249
11;2;453.7795750017186
11;3;431.0905962516327
11;4;409.536066439051
11;5;368.5824597951459
11;6;294.86596783611674
11;7;280.1226694443109
11;8;266.11653597209533
11;9;252.81070917349055
11;10;240.170173714816
11;11;228.16166502907518
11;12;216.7535817776214
11;13;205.91590268874032
11;14;195.6201075543033
11;15;185.83910217658814
11;16;176.54714706775871
11;17;167.71978971437076
11;18;159.33380022865222
11;19;151.36711021721962
11;20;143.79875470635864
11;21;136.6088169710407
11;22;129.77837612248868
11;23;123.28945731636423
11;24;117.12498445054602
11;25;111.26873522801871
11;26;105.70529846661778
11;27;100.42003354328688
11;28;95.39903186612253
11;29;90.6290802728164
11;30;86.09762625917557
11;31;81.79274494621679
11;32;77.70310769890594
11;33;73.81795231396063
11;34;70.1270546982626
11;35;66.62070196334946
11;36;63.289666865181985
11;37;60.125183521922885
11;38;57.11892434582674
11;39;54.2629781285354
11;40;51.54982922210863
11;41;48.972337761003196
11;42;46.523720872953035
11;43;44.19753482930538
11;44;41.98765808784011
11;45;39.8882751834481
11;46;37.89386142427569
11;47;35.999168353061904
11;48;34.19920993540881
11;49;32.48924943863837
11;50;30.864786966706447
11;51;29.321547618371124
11;52;27.855470237452565
11;53;26.462696725579935
11;54;25.139561889300936
11;55;23.882583794835888
11;56;22.688454605094094
11;57;21.55403187483939
11;58;20.476330281097418
11;59;19.452513767042547
11;60;18.47988807869042
11;61;17.555893674755897
11;62;16.6780989910181
11;63;15.844194041467194
11;64;15.051984339393833
11;65;14.299385122424141
11;66;13.584415866302933
11;67;12.905195072987786
11;68;12.259935319338396
11;69;11.646938553371475
11;70;11.064591625702901
12;1;453.7795750017186
12;2;431.0905962516327
12;3;409.536066439051
12;4;389.05926311709845
12;5;350.1533368053886
12;6;280.12266944431093
12;7;266.1165359720954
12;8;252.8107091734906
12;9;240.17017371481606
12;10;228.16166502907524
12;11;216.75358177762146
12;12;205.91590268874037
12;13;195.62010755430336
12;14;185.83910217658817
12;15;176.54714706775874
12;16;167.7197897143708
12;17;159.33380022865225
12;18;151.36711021721962
12;19;143.79875470635864
12;20;136.6088169710407
12;21;129.77837612248868
12;22;123.28945731636423
12;23;117.12498445054602
12;24;111.26873522801871
12;25;105.70529846661778
12;26;100.42003354328688
12;27;95.39903186612253
12;28;90.6290802728164
12;29;86.09762625917557
12;30;81.79274494621679
12;31;77.70310769890594
12;32;73.81795231396063
12;33;70.1270546982626
12;34;66.62070196334946
12;35;63.289666865181985
12;36;60.125183521922885
12;37;57.11892434582674
12;38;54.2629781285354
12;39;51.54982922210863
12;40;48.972337761003196
12;41;46.523720872953035
12;42;44.19753482930538
12;43;41.98765808784011
12;44;39.8882751834481
12;45;37.89386142427569
12;46;35.999168353061904
12;47;34.19920993540881
12;48;32.48924943863837
12;49;30.864786966706447
12;50;29.321547618371124
12;51;27.855470237452565
12;52;26.462696725579935
12;53;25.139561889300936
12;54;23.882583794835888
12;55;22.688454605094094
12;56;21.55403187483939
12;57;20.476330281097418
12;58;19.452513767042547
12;59;18.47988807869042
12;60;17.555893674755897
12;61;16.6780989910181
12;62;15.844194041467194
12;63;15.051984339393833
12;64;14.299385122424141
12;65;13.584415866302933
12;66;12.905195072987786
12;67;12.259935319338396
12;68;11.646938553371475
12;69;11.064591625702901
12;70;10.511362044417755
13;1;431.0905962516327
13;2;409.536066439051
13;3;389.05926311709845
13;4;369.6062999612435
13;5;332.64566996511917
13;6;266.11653597209533
13;7;252.81070917349055
13;8;240.170173714816
13;9;228.16166502907518
13;10;216.7535817776214
13;11;205.91590268874032
13;12;195.6201075543033
13;13;185.83910217658814
13;14;176.54714706775871
13;15;167.71978971437076
13;16;159.33380022865222
13;17;151.36711021721962
13;18;143.79875470635864
13;19;136.6088169710407
13;20;129.77837612248868
13;21;123.28945731636423
13;22;117.12498445054602
13;23;111.26873522801871
13;24;105.70529846661778
13;25;100.42003354328688
13;26;95.39903186612253
13;27;90.6290802728164
13;28;86.09762625917557
13;29;81.79274494621679
13;30;77.70310769890594
13;31;73.81795231396063
13;32;70.1270546982626
13;33;66.62070196334946
13;34;63.289666865181985
13;35;60.125183521922885
13;36;57.11892434582674
13;37;54.2629781285354
13;38;51.54982922210863
13;39;48.972337761003196
13;40;46.523720872953035
13;41;44.19753482930538
13;42;41.98765808784011
13;43;39.8882751834481
13;44;37.89386142427569
13;45;35.999168353061904
13;46;34.19920993540881
13;47;32.48924943863837
13;48;30.864786966706447
13;49;29.321547618371124
13;50;27.855470237452565
13;51;26.462696725579935
13;52;25.139561889300936
13;53;23.882583794835888
13;54;22.688454605094094
13;55;21.55403187483939
13;56;20.476330281097418
13;57;19.452513767042547
13;58;18.47988807869042
13;59;17.555893674755897
13;60;16.6780989910181
13;61;15.844194041467194
13;62;15.051984339393833
13;63;14.299385122424141
13;64;13.584415866302933
13;65;12.905195072987786
13;66;12.259935319338396
13;67;11.646938553371475
13;68;11.064591625702901
13;69;10.511362044417755
13;70;9.985793942196867
14;1;409.536066439051
14;2;389.05926311709845
14;3;369.6062999612435
14;4;351.12598496318134
14;5;316.0133864668632
14;6;252.81070917349058
14;7;240.17017371481603
14;8;228.1616650290752
14;9;216.75358177762143
14;10;205.91590268874035
14;11;195.62010755430333
14;12;185.83910217658814
14;13;176.54714706775871
14;14;167.71978971437076
14;15;159.33380022865222
14;16;151.36711021721962
14;17;143.79875470635864
14;18;136.6088169710407
14;19;129.77837612248868
14;20;123.28945731636423
14;21;117.12498445054602
14;22;111.26873522801871
14;23;105.70529846661778
14;24;100.42003354328688
14;25;95.39903186612253
14;26;90.6290802728164
14;27;86.09762625917557
14;28;81.79274494621679
14;29;77.70310769890594
14;30;73.81795231396063
14;31;70.1270546982626
14;32;66.62070196334946
14;33;63.289666865181985
14;34;60.125183521922885
14;35;57.11892434582674
14;36;54.2629781285354
14;37;51.54982922210863
14;38;48.972337761003196
14;39;46.523720872953035
14;40;44.19753482930538
14;41;41.98765808784011
14;42;39.8882751834481
14;43;37.89386142427569
14;44;35.999168353061904
14;45;34.19920993540881
14;46;32.48924943863837
14;47;30.864786966706447
14;48;29.321547618371124
14;49;27.855470237452565
14;50;26.462696725579935
14;51;25.139561889300936
14;52;23.882583794835888
14;53;22.688454605094094
14;54;21.55403187483939
14;55;20.476330281097418
14;56;19.452513767042547
14;57;18.47988807869042
14;58;17.555893674755897
14;59;16.6780989910181
14;60;15.844194041467194
14;61;15.051984339393833
14;62;14.299385122424141
14;63;13.584415866302933
14;64;12.905195072987786
14;65;12.259935319338396
14;66;11.646938553371475
14;67;11.064591625702901
14;68;10.511362044417755
14;69;9.985793942196867
14;70;9.486504245087023
15;1;389.05926311709845
15;2;369.6062999612435
15;3;351.12598496318134
15;4;333.5696857150223
15;5;300.2127171435201
15;6;240.1701737148161
15;7;228.16166502907527
15;8;216.7535817776215
15;9;205.9159026887404
15;10;195.62010755430336
15;11;185.83910217658817
15;12;176.54714706775874
15;13;167.7197897143708
15;14;159.33380022865225
15;15;151.36711021721962
15;16;143.79875470635864
15;17;136.6088169710407
15;18;129.77837612248868
15;19;123.28945731636423
15;20;117.12498445054602
15;21;111.26873522801871
15;22;105.70529846661778
15;23;100.42003354328688
15;24;95.39903186612253
15;25;90.6290802728164
15;26;86.09762625917557
15;27;81.79274494621679
15;28;77.70310769890594
15;29;73.81795231396063
15;30;70.1270546982626
15;31;66.62070196334946
15;32;63.289666865181985
15;33;60.125183521922885
15;34;57.11892434582674
15;35;54.2629781285354
15;36;51.54982922210863
15;37;48.972337761003196
15;38;46.523720872953035
15;39;44.19753482930538
15;40;41.98765808784011
15;41;39.8882751834481
15;42;37.89386142427569
15;43;35.999168353061904
15;44;34.19920993540881
15;45;32.48924943863837
15;46;30.864786966706447
15;47;29.321547618371124
15;48;27.855470237452565
15;49;26.462696725579935
15;50;25.139561889300936
15;51;23.882583794835888
15;52;22.688454605094094
15;53;21.55403187483939
15;54;20.476330281097418
15;55;19.452513767042547
15;56;18.47988807869042
15;57;17.555893674755897
15;58;16.6780989910181
15;59;15.844194041467194
15;60;15.051984339393833
15;61;14.299385122424141
15;62;13.584415866302933
15;63;12.905195072987786
15;64;12.259935319338396
15;65;11.646938553371475
15;66;11.064591625702901
15;67;10.511362044417755
15;68;9.985793942196867
15;69;9.486504245087023
15;70;9.012179032832671
16;1;369.6062999612435
16;2;351.12598496318134
16;3;333.5696857150223
16;4;316.8912014292711
16;5;285.202081286344
16;6;228.16166502907524
16;7;216.75358177762146
16;8;205.91590268874037
16;9;195.62010755430336
16;10;185.83910217658817
16;11;176.54714706775874
16;12;167.7197897143708
16;13;159.33380022865225
16;14;151.36711021721962
16;15;143.79875470635864
16;16;136.6088169710407
16;17;129.77837612248868
16;18;123.28945731636423
16;19;117.12498445054602
16;20;111.26873522801871
16;21;105.70529846661778
16;22;100.42003354328688
16;23;95.39903186612253
16;24;90.6290802728164
16;25;86.09762625917557
16;26;81.79274494621679
16;27;77.70310769890594
16;28;73.81795231396063
16;29;70.1270546982626
16;30;66.62070196334946
16;31;63.289666865181985
16;32;60.125183521922885
16;33;57.11892434582674
16;34;54.2629781285354
16;35;51.54982922210863
16;36;48.972337761003196
16;37;46.523720872953035
16;38;44.19753482930538
16;39;41.98765808784011
16;40;39.8882751834481
16;41;37.89386142427569
16;42;35.999168353061904
16;43;34.19920993540881
16;44;32.48924943863837
16;45;30.864786966706447
16;46;29.321547618371124
16;47;27.855470237452565
16;48;26.462696725579935
16;49;25.139561889300936
16;50;23.882583794835888
16;51;22.688454605094094
16;52;21.55403187483939
16;53;20.476330281097418
16;54;19.452513767042547
16;55;18.47988807869042
16;56;17.555893674755897
16;57;16.6780989910181
16;58;15.844194041467194
16;59;15.051984339393833
16;60;14.299385122424141
16;61;13.584415866302933
16;62;12.905195072987786
16;63;12.259935319338396
16;64;11.646938553371475
16;65;11.064591625702901
16;66;10.511362044417755
16;67;9.985793942196867
16;68;9.486504245087023
16;69;9.012179032832671
16;70;8.561570081191038
17;1;351.12598496318134
17;2;333.5696857150223
17;3;316.8912014292711
17;4;301.0466413578076
17;5;270.9419772220268
17;6;216.75358177762146
17;7;205.91590268874037
17;8;195.62010755430336
17;9;185.83910217658817
17;10;176.54714706775874
17;11;167.7197897143708
17;12;159.33380022865225
17;13;151.36711021721962
17;14;143.79875470635864
17;15;136.6088169710407
17;16;129.77837612248868
17;17;123.28945731636423
17;18;117.12498445054602
17;19;111.26873522801871
17;20;105.70529846661778
17;21;100.42003354328688
17;22;95.39903186612253
17;23;90.6290802728164
17;24;86.09762625917557
17;25;81.79274494621679
17;26;77.70310769890594
17;27;73.81795231396063
17;28;70.1270546982626
17;29;66.62070196334946
17;30;63.289666865181985
17;31;60.125183521922885
17;32;57.11892434582674
17;33;54.2629781285354
17;34;51.54982922210863
17;35;48.972337761003196
17;36;46.523720872953035
17;37;44.19753482930538
17;38;41.98765808784011
17;39;39.8882751834481
17;40;37.89386142427569
17;41;35.999168353061904
17;42;34.19920993540881
17;43;32.48924943863837
17;44;30.864786966706447
17;45;29.321547618371124
17;46;27.855470237452565
17;47;26.462696725579935
17;48;25.139561889300936
17;49;23.882583794835888
17;50;22.688454605094094
17;51;21.55403187483939
17;52;20.476330281097418
17;53;19.452513767042547
17;54;18.47988807869042
17;55;17.555893674755897
17;56;16.6780989910181
17;57;15.844194041467194
17;58;15.051984339393833
17;59;14.299385122424141
17;60;13.584415866302933
17;61;12.905195072987786
17;62;12.259935319338396
17;63;11.646938553371475
17;64;11.064591625702901
17;65;10.511362044417755
17;66;9.985793942196867
17;67;9.486504245087023
17;68;9.012179032832671
17;69;8.561570081191038
17;70;8.133491577131485
18;1;333.5696857150223
18;2;316.8912014292711
18;3;301.0466413578076
18;4;285.99430928991717
18;5;257.3948783609255
18;6;205.9159026887404
18;7;195.62010755430336
18;8;185.83910217658817
18;9;176.54714706775874
18;10;167.7197897143708
18;11;159.33380022865225
18;12;151.36711021721962
18;13;143.79875470635864
18;14;136.6088169710407
18;15;129.77837612248868
18;16;123.28945731636423
18;17;117.12498445054602
18;18;111.26873522801871
18;19;105.70529846661778
18;20;100.42003354328688
18;21;95.39903186612253
18;22;90.6290802728164
18;23;86.09762625917557
18;24;81.79274494621679
18;25;77.70310769890594
18;26;73.81795231396063
18;27;70.1270546982626
18;28;66.62070196334946
18;29;63.289666865181985
18;30;60.125183521922885
18;31;57.11892434582674
18;32;54.2629781285354
18;33;51.54982922210863
18;34;48.972337761003196
18;35;46.523720872953035
18;36;44.19753482930538
18;37;41.98765808784011
18;38;39.8882751834481
18;39;37.89386142427569
18;40;35.999168353061904
18;41;34.19920993540881
18;42;32.48924943863837
18;43;30.864786966706447
18;44;29.321547618371124
18;45;27.855470237452565
18;46;26.462696725579935
18;47;25.139561889300936
18;48;23.882583794835888
18;49;22.688454605094094
18;50;21.55403187483939
18;51;20.476330281097418
18;52;19.452513767042547
18;53;18.47988807869042
18;54;17.555893674755897
18;55;16.6780989910181
18;56;15.844194041467194
18;57;15.051984339393833
18;58;14.299385122424141
18;59;13.584415866302933
18;60;12.905195072987786
18;61;12.259935319338396
18;62;11.646938553371475
18;63;11.064591625702901
18;64;10.511362044417755
18;65;9.985793942196867
18;66;9.486504245087023
18;67;9.012179032832671
18;68;8.561570081191038
18;69;8.133491577131485
18;70;7.72681699827491
19;1;316.8912014292711
19;2;301.0466413578076
19;3;285.99430928991717
19;4;271.6945938254213
19;5;244.52513444287916
19;6;195.62010755430333
19;7;185.83910217658814
19;8;176.54714706775871
19;9;167.71978971437076
19;10;159.33380022865222
19;11;151.36711021721962
19;12;143.79875470635864
19;13;136.6088169710407
19;14;129.77837612248868
19;15;123.28945731636423
19;16;117.12498445054602
19;17;111.26873522801871
19;18;105.70529846661778
19;19;100.42003354328688
19;20;95.39903186612253
19;21;90.6290802728164
19;22;86.09762625917557
19;23;81.79274494621679
19;24;77.70310769890594
19;25;73.81795231396063
19;26;70.1270546982626
19;27;66.62070196334946
19;28;63.289666865181985
19;29;60.125183521922885
19;30;57.11892434582674
19;31;54.2629781285354
19;32;51.54982922210863
19;33;48.972337761003196
19;34;46.523720872953035
19;35;44.19753482930538
19;36;41.98765808784011
19;37;39.8882751834481
19;38;37.89386142427569
19;39;35.999168353061904
19;40;34.19920993540881
19;41;32.48924943863837
19;42;30.864786966706447
19;43;29.321547618371124
19;44;27.855470237452565
19;45;26.462696725579935
19;46;25.139561889300936
19;47;23.882583794835888
19;48;22.688454605094094
19;49;21.55403187483939
19;50;20.476330281097418
19;51;19.452513767042547
19;52;18.47988807869042
19;53;17.555893674755897
19;54;16.6780989910181
19;55;15.844194041467194
19;56;15.051984339393833
19;57;14.299385122424141
19;58;13.584415866302933
19;59;12.905195072987786
19;60;12.259935319338396
19;61;11.646938553371475
19;62;11.064591625702901
19;63;10.511362044417755
19;64;9.985793942196867
19;65;9.486504245087023
19;66;9.012179032832671
19;67;8.561570081191038
19;68;8.133491577131485
19;69;7.72681699827491
19;70;7.340476148361164
20;1;301.0466413578076
20;2;285.99430928991717
20;3;271.6945938254213
20;4;258.1098641341502
20;5;232.2988777207352
20;6;185.83910217658817
20;7;176.54714706775874
20;8;167.7197897143708
20;9;159.33380022865225
20;10;151.36711021721962
20;11;143.79875470635864
20;12;136.6088169710407
20;13;129.77837612248868
20;14;123.28945731636423
20;15;117.12498445054602
20;16;111.26873522801871
20;17;105.70529846661778
20;18;100.42003354328688
20;19;95.39903186612253
20;20;90.6290802728164
20;21;86.09762625917557
20;22;81.79274494621679
20;23;77.70310769890594
20;24;73.81795231396063
20;25;70.1270546982626
20;26;66.62070196334946
20;27;63.289666865181985
20;28;60.125183521922885
20;29;57.11892434582674
20;30;54.2629781285354
20;31;51.54982922210863
20;32;48.972337761003196
20;33;46.523720872953035
20;34;44.19753482930538
20;35;41.98765808784011
20;36;39.8882751834481
20;37;37.89386142427569
20;38;35.999168353061904
20;39;34.19920993540881
20;40;32.48924943863837
20;41;30.864786966706447
20;42;29.321547618371124
20;43;27.855470237452565
20;44;26.462696725579935
20;45;25.139561889300936
20;46;23.882583794835888
20;47;22.688454605094094
20;48;21.55403187483939
20;49;20.476330281097418
20;50;19.452513767042547
20;51;18.47988807869042
20;52;17.555893674755897
20;53;16.6780989910181
20;54;15.844194041467194
20;55;15.051984339393833
20;56;14.299385122424141
20;57;13.584415866302933
20;58;12.905195072987786
20;59;12.259935319338396
20;60;11.646938553371475
20;61;11.064591625702901
20;62;10.511362044417755
20;63;9.985793942196867
20;64;9.486504245087023
20;65;9.012179032832671
20;66;8.561570081191038
20;67;8.133491577131485
20;68;7.72681699827491
20;69;7.340476148361164
20;70;6.973452340943106
21;1;285.99430928991717
21;2;271.6945938254213
21;3;258.1098641341502
21;4;245.20437092744268
21;5;220.68393383469842
21;6;176.54714706775874
21;7;167.7197897143708
21;8;159.33380022865225
21;9;151.36711021721962
21;10;143.79875470635864
21;11;136.6088169710407
21;12;129.77837612248868
21;13;123.28945731636423
21;14;117.12498445054602
21;15;111.26873522801871
21;16;105.70529846661778
21;17;100.42003354328688
21;18;95.39903186612253
21;19;90.6290802728164
21;20;86.09762625917557
21;21;81.79274494621679
21;22;77.70310769890594
21;23;73.81795231396063
21;24;70.1270546982626
21;25;66.62070196334946
21;26;63.289666865181985
21;27;60.125183521922885
21;28;57.11892434582674
21;29;54.2629781285354
21;30;51.54982922210863
21;31;48.972337761003196
21;32;46.523720872953035
21;33;44.19753482930538
21;34;41.98765808784011
21;35;39.8882751834481
21;36;37.89386142427569
21;37;35.999168353061904
21;38;34.19920993540881
21;39;32.48924943863837
21;40;30.864786966706447
21;41;29.321547618371124
21;42;27.855470237452565
21;43;26.462696725579935
21;44;25.139561889300936
21;45;23.882583794835888
21;46;22.688454605094094
21;47;21.55403187483939
21;48;20.476330281097418
21;49;19.452513767042547
21;50;18.47988807869042
21;51;17.555893674755897
21;52;16.6780989910181
21;53;15.844194041467194
21;54;15.051984339393833
21;55;14.299385122424141
21;56;13.584415866302933
21;57;12.905195072987786
21;58;12.259935319338396
21;59;11.646938553371475
21;60;11.064591625702901
21;61;10.511362044417755
21;62;9.985793942196867
21;63;9.486504245087023
21;64;9.012179032832671
21;65;8.561570081191038
21;66;8.133491577131485
21;67;7.72681699827491
21;68;7.340476148361164
21;69;6.973452340943106
21;70;6.6247797238959505
22;1;271.6945938254213
22;2;258.1098641341502
22;3;245.20437092744268
22;4;232.94415238107052
22;5;209.6497371429635
22;6;167.7197897143708
22;7;159.33380022865225
22;8;151.36711021721962
22;9;143.79875470635864
22;10;136.6088169710407
22;11;129.77837612248868
22;12;123.28945731636423
22;13;117.12498445054602
22;14;111.26873522801871
22;15;105.70529846661778
22;16;100.42003354328688
22;17;95.39903186612253
22;18;90.6290802728164
22;19;86.09762625917557
22;20;81.79274494621679
22;21;77.70310769890594
22;22;73.81795231396063
22;23;70.1270546982626
22;24;66.62070196334946
22;25;63.289666865181985
22;26;60.125183521922885
22;27;57.11892434582674
22;28;54.2629781285354
22;29;51.54982922210863
22;30;48.972337761003196
22;31;46.523720872953035
22;32;44.19753482930538
22;33;41.98765808784011
22;34;39.8882751834481
22;35;37.89386142427569
22;36;35.999168353061904
22;37;34.19920993540881
22;38;32.48924943863837
22;39;30.864786966706447
22;40;29.321547618371124
22;41;27.855470237452565
22;42;26.462696725579935
22;43;25.139561889300936
22;44;23.882583794835888
22;45;22.688454605094094
22;46;21.55403187483939
22;47;20.476330281097418
22;48;19.452513767042547
22;49;18.47988807869042
22;50;17.555893674755897
22;51;16.6780989910181
22;52;15.844194041467194
22;53;15.051984339393833
22;54;14.299385122424141
22;55;13.584415866302933
22;56;12.905195072987786
22;57;12.259935319338396
22;58;11.646938553371475
22;59;11.064591625702901
22;60;10.511362044417755
22;61;9.985793942196867
22;62;9.486504245087023
22;63;9.012179032832671
22;64;8.561570081191038
22;65;8.133491577131485
22;66;7.72681699827491
22;67;7.340476148361164
22;68;6.973452340943106
22;69;6.6247797238959505
22;70;6.293540737701153
23;1;258.1098641341502
23;2;245.20437092744268
23;3;232.94415238107052
23;4;221.29694476201698
23;5;199.16725028581527
23;6;159.33380022865222
23;7;151.36711021721962
23;8;143.79875470635864
23;9;136.6088169710407
23;10;129.77837612248868
23;11;123.28945731636423
23;12;117.12498445054602
23;13;111.26873522801871
23;14;105.70529846661778
23;15;100.42003354328688
23;16;95.39903186612253
23;17;90.6290802728164
23;18;86.09762625917557
23;19;81.79274494621679
23;20;77.70310769890594
23;21;73.81795231396063
23;22;70.1270546982626
23;23;66.62070196334946
23;24;63.289666865181985
23;25;60.125183521922885
23;26;57.11892434582674
23;27;54.2629781285354
23;28;51.54982922210863
23;29;48.972337761003196
23;30;46.523720872953035
23;31;44.19753482930538
23;32;41.98765808784011
23;33;39.8882751834481
23;34;37.89386142427569
23;35;35.999168353061904
23;36;34.19920993540881
23;37;32.48924943863837
23;38;30.864786966706447
23;39;29.321547618371124
23;40;27.855470237452565
23;41;26.462696725579935
23;42;25.139561889300936
23;43;23.882583794835888
23;44;22.688454605094094
23;45;21.55403187483939
23;46;20.476330281097418
23;47;19.452513767042547
23;48;18.47988807869042
23;49;17.555893674755897
23;50;16.6780989910181
23;51;15.844194041467194
23;52;15.051984339393833
23;53;14.299385122424141
23;54;13.584415866302933
23;55;12.905195072987786
23;56;12.259935319338396
23;57;11.646938553371475
23;58;11.064591625702901
23;59;10.511362044417755
23;60;9.985793942196867
23;61;9.486504245087023
23;62;9.012179032832671
23;63;8.561570081191038
23;64;8.133491577131485
23;65;7.72681699827491
23;66;7.340476148361164
23;67;6.973452340943106
23;68;6.6247797238959505
23;69;6.293540737701153
23;70;5.9788637008160945
24;1;245.20437092744268
24;2;232.94415238107052
24;3;221.29694476201698
24;4;210.2320975239161
24;5;189.2088877715245
24;6;151.36711021721962
24;7;143.79875470635864
24;8;136.6088169710407
24;9;129.77837612248868
24;10;123.28945731636423
24;11;117.12498445054602
24;12;111.26873522801871
24;13;105.70529846661778
24;14;100.42003354328688
24;15;95.39903186612253
24;16;90.6290802728164
24;17;86.09762625917557
24;18;81.79274494621679
24;19;77.70310769890594
24;20;73.81795231396063
24;21;70.1270546982626
24;22;66.62070196334946
24;23;63.289666865181985
24;24;60.125183521922885
24;25;57.11892434582674
24;26;54.2629781285354
24;27;51.54982922210863
24;28;48.972337761003196
24;29;46.523720872953035
24;30;44.19753482930538
24;31;41.98765808784011
24;32;39.8882751834481
24;33;37.89386142427569
24;34;35.999168353061904
24;35;34.19920993540881
24;36;32.48924943863837
24;37;30.864786966706447
24;38;29.321547618371124
24;39;27.855470237452565
24;40;26.462696725579935
24;41;25.139561889300936
24;42;23.882583794835888
24;43;22.688454605094094
24;44;21.55403187483939
24;45;20.476330281097418
24;46;19.452513767042547
24;47;18.47988807869042
24;48;17.555893674755897
24;49;16.6780989910181
24;50;15.844194041467194
24;51;15.051984339393833
24;52;14.299385122424141
24;53;13.584415866302933
24;54;12.905195072987786
24;55;12.259935319338396
24;56;11.646938553371475
24;57;11.064591625702901
24;58;10.511362044417755
24;59;9.985793942196867
24;60;9.486504245087023
24;61;9.012179032832671
24;62;8.561570081191038
24;63;8.133491577131485
24;64;7.72681699827491
24;65;7.340476148361164
24;66;6.973452340943106
24;67;6.6247797238959505
24;68;6.293540737701153
24;69;5.9788637008160945
24;70;5.679920515775289
25;1;232.94415238107052
25;2;221.29694476201698
25;3;210.2320975239161
25;4;199.7204926477203
25;5;179.74844338294827
25;6;143.7987547063586
25;7;136.60881697104068
25;8;129.77837612248865
25;9;123.2894573163642
25;10;117.124984450546
25;11;111.26873522801868
25;12;105.70529846661775
25;13;100.42003354328686
25;14;95.39903186612251
25;15;90.62908027281638
25;16;86.09762625917556
25;17;81.79274494621677
25;18;77.70310769890592
25;19;73.81795231396063
25;20;70.1270546982626
25;21;66.62070196334946
25;22;63.289666865181985
25;23;60.125183521922885
25;24;57.11892434582674
25;25;54.2629781285354
25;26;51.54982922210863
25;27;48.972337761003196
25;28;46.523720872953035
25;29;44.19753482930538
25;30;41.98765808784011
25;31;39.8882751834481
25;32;37.89386142427569
25;33;35.999168353061904
25;34;34.19920993540881
25;35;32.48924943863837
25;36;30.864786966706447
25;37;29.321547618371124
25;38;27.855470237452565
25;39;26.462696725579935
25;40;25.139561889300936
25;41;23.882583794835888
25;42;22.688454605094094
25;43;21.55403187483939
25;44;20.476330281097418
25;45;19.452513767042547
25;46;18.47988807869042
25;47;17.555893674755897
25;48;16.6780989910181
25;49;15.844194041467194
25;50;15.051984339393833
25;51;14.299385122424141
25;52;13.584415866302933
25;53;12.905195072987786
25;54;12.259935319338396
25;55;11.646938553371475
25;56;11.064591625702901
25;57;10.511362044417755
25;58;9.985793942196867
25;59;9.486504245087023
25;60;9.012179032832671
25;61;8.561570081191038
25;62;8.133491577131485
25;63;7.72681699827491
25;64;7.340476148361164
25;65;6.973452340943106
25;66;6.6247797238959505
25;67;6.293540737701153
25;68;5.9788637008160945
25;69;5.679920515775289
25;70;5.395924489986524
26;1;221.29694476201698
26;2;210.2320975239161
26;3;199.7204926477203
26;4;189.73446801533427
26;5;170.76102121380086
26;6;136.60881697104068
26;7;129.77837612248865
26;8;123.2894573163642
26;9;117.124984450546
26;10;111.26873522801868
26;11;105.70529846661775
26;12;100.42003354328686
26;13;95.39903186612251
26;14;90.62908027281638
26;15;86.09762625917556
26;16;81.79274494621677
26;17;77.70310769890592
26;18;73.81795231396063
26;19;70.1270546982626
26;20;66.62070196334946
26;21;63.289666865181985
26;22;60.125183521922885
26;23;57.11892434582674
26;24;54.2629781285354
26;25;51.54982922210863
26;26;48.972337761003196
26;27;46.523720872953035
26;28;44.19753482930538
26;29;41.98765808784011
26;30;39.8882751834481
26;31;37.89386142427569
26;32;35.999168353061904
26;33;34.19920993540881
26;34;32.48924943863837
26;35;30.864786966706447
26;36;29.321547618371124
26;37;27.855470237452565
26;38;26.462696725579935
26;39;25.139561889300936
26;40;23.882583794835888
26;41;22.688454605094094
26;42;21.55403187483939
26;43;20.476330281097418
26;44;19.452513767042547
26;45;18.47988807869042
26;46;17.555893674755897
26;47;16.6780989910181
26;48;15.844194041467194
26;49;15.051984339393833
26;50;14.299385122424141
26;51;13.584415866302933
26;52;12.905195072987786
26;53;12.259935319338396
26;54;11.646938553371475
26;55;11.064591625702901
26;56;10.511362044417755
26;57;9.985793942196867
26;58;9.486504245087023
26;59;9.012179032832671
26;60;8.561570081191038
26;61;8.133491577131485
26;62;7.72681699827491
26;63;7.340476148361164
26;64;6.973452340943106
26;65;6.6247797238959505
26;66;6.293540737701153
26;67;5.9788637008160945
26;68;5.679920515775289
26;69;5.395924489986524
26;70;5.126128265487198
27;1;210.2320975239161
27;2;199.7204926477203
27;3;189.73446801533427
27;4;180.24774461456755
27;5;162.2229701531108
27;6;129.77837612248865
27;7;123.2894573163642
27;8;117.124984450546
27;9;111.26873522801868
27;10;105.70529846661775
27;11;100.42003354328686
27;12;95.39903186612251
27;13;90.62908027281638
27;14;86.09762625917556
27;15;81.79274494621677
27;16;77.70310769890592
27;17;73.81795231396063
27;18;70.1270546982626
27;19;66.62070196334946
27;20;63.289666865181985
27;21;60.125183521922885
27;22;57.11892434582674
27;23;54.2629781285354
27;24;51.54982922210863
27;25;48.972337761003196
27;26;46.523720872953035
27;27;44.19753482930538
27;28;41.98765808784011
27;29;39.8882751834481
27;30;37.89386142427569
27;31;35.999168353061904
27;32;34.19920993540881
27;33;32.48924943863837
27;34;30.864786966706447
27;35;29.321547618371124
27;36;27.855470237452565
27;37;26.462696725579935
27;38;25.139561889300936
27;39;23.882583794835888
27;40;22.688454605094094
27;41;21.55403187483939
27;42;20.476330281097418
27;43;19.452513767042547
27;44;18.47988807869042
27;45;17.555893674755897
27;46;16.6780989910181
27;47;15.844194041467194
27;48;15.051984339393833
27;49;14.299385122424141
27;50;13.584415866302933
27;51;12.905195072987786
27;52;12.259935319338396
27;53;11.646938553371475
27;54;11.064591625702901
27;55;10.511362044417755
27;56;9.985793942196867
27;57;9.486504245087023
27;58;9.012179032832671
27;59;8.561570081191038
27;60;8.133491577131485
27;61;7.72681699827491
27;62;7.340476148361164
27;63;6.973452340943106
27;64;6.6247797238959505
27;65;6.293540737701153
27;66;5.9788637008160945
27;67;5.679920515775289
27;68;5.395924489986524
27;69;5.126128265487198
27;70;4.869821852212838
28;1;199.7204926477203
28;2;189.73446801533427
28;3;180.24774461456755
28;4;171.23535738383916
28;5;154.11182164545525
28;6;123.2894573163642
28;7;117.124984450546
28;8;111.26873522801868
28;9;105.70529846661775
28;10;100.42003354328686
28;11;95.39903186612251
28;12;90.62908027281638
28;13;86.09762625917556
28;14;81.79274494621677
28;15;77.70310769890592
28;16;73.81795231396063
28;17;70.1270546982626
28;18;66.62070196334946
28;19;63.289666865181985
28;20;60.125183521922885
28;21;57.11892434582674
28;22;54.2629781285354
28;23;51.54982922210863
28;24;48.972337761003196
28;25;46.523720872953035
28;26;44.19753482930538
28;27;41.98765808784011
28;28;39.8882751834481
28;29;37.89386142427569
28;30;35.999168353061904
28;31;34.19920993540881
28;32;32.48924943863837
28;33;30.864786966706447
28;34;29.321547618371124
28;35;27.855470237452565
28;36;26.462696725579935
28;37;25.139561889300936
28;38;23.882583794835888
28;39;22.688454605094094
28;40;21.55403187483939
28;41;20.476330281097418
28;42;19.452513767042547
28;43;18.47988807869042
28;44;17.555893674755897
28;45;16.6780989910181
28;46;15.844194041467194
28;47;15.051984339393833
28;48;14.299385122424141
28;49;13.584415866302933
28;50;12.905195072987786
28;51;12.259935319338396
28;52;11.646938553371475
28;53;11.064591625702901
28;54;10.511362044417755
28;55;9.985793942196867
28;56;9.486504245087023
28;57;9.012179032832671
28;58;8.561570081191038
28;59;8.133491577131485
28;60;7.72681699827491
28;61;7.340476148361164
28;62;6.973452340943106
28;63;6.6247797238959505
28;64;6.293540737701153
28;65;5.9788637008160945
28;66;5.679920515775289
28;67;5.395924489986524
28;68;5.126128265487198
28;69;4.869821852212838
28;70;4.626330759602196
29;1;189.73446801533427
29;2;180.24774461456755
29;3;171.23535738383916
29;4;162.6735895146472
29;5;146.40623056318248
29;6;117.12498445054598
29;7;111.26873522801867
29;8;105.70529846661773
29;9;100.42003354328685
29;10;95.3990318661225
29;11;90.62908027281637
29;12;86.09762625917554
29;13;81.79274494621676
29;14;77.70310769890591
29;15;73.81795231396062
29;16;70.12705469826258
29;17;66.62070196334945
29;18;63.28966686518197
29;19;60.12518352192287
29;20;57.11892434582673
29;21;54.26297812853539
29;22;51.54982922210861
29;23;48.97233776100318
29;24;46.52372087295302
29;25;44.19753482930537
29;26;41.987658087840096
29;27;39.88827518344809
29;28;37.893861424275684
29;29;35.9991683530619
29;30;34.1992099354088
29;31;32.48924943863836
29;32;30.86478696670644
29;33;29.321547618371117
29;34;27.85547023745256
29;35;26.46269672557993
29;36;25.139561889300932
29;37;23.882583794835885
29;38;22.68845460509409
29;39;21.554031874839385
29;40;20.476330281097415
29;41;19.452513767042543
29;42;18.479888078690415
29;43;17.555893674755893
29;44;16.678098991018096
29;45;15.84419404146719
29;46;15.05198433939383
29;47;14.299385122424138
29;48;13.58441586630293
29;49;12.905195072987782
29;50;12.259935319338393
29;51;11.646938553371472
29;52;11.064591625702898
29;53;10.511362044417751
29;54;9.985793942196864
29;55;9.486504245087021
29;56;9.01217903283267
29;57;8.561570081191036
29;58;8.133491577131483
29;59;7.726816998274908
29;60;7.340476148361162
29;61;6.973452340943104
29;62;6.624779723895949
29;63;6.293540737701151
29;64;5.978863700816093
29;65;5.6799205157752874
29;66;5.395924489986522
29;67;5.126128265487196
29;68;4.869821852212836
29;69;4.626330759602194
29;70;4.395014221622084
30;1;180.24774461456755
30;2;171.23535738383916
30;3;162.6735895146472
30;4;154.53991003891483
30;5;139.08591903502335
30;6;111.26873522801868
30;7;105.70529846661775
30;8;100.42003354328686
30;9;95.39903186612251
30;10;90.62908027281638
30;11;86.09762625917556
30;12;81.79274494621677
30;13;77.70310769890592
30;14;73.81795231396063
30;15;70.1270546982626
30;16;66.62070196334946
30;17;63.289666865181985
30;18;60.125183521922885
30;19;57.11892434582674
30;20;54.2629781285354
30;21;51.54982922210863
30;22;48.972337761003196
30;23;46.523720872953035
30;24;44.19753482930538
30;25;41.98765808784011
30;26;39.8882751834481
30;27;37.89386142427569
30;28;35.999168353061904
30;29;34.19920993540881
30;30;32.48924943863837
30;31;30.864786966706447
30;32;29.321547618371124
30;33;27.855470237452565
30;34;26.462696725579935
30;35;25.139561889300936
30;36;23.882583794835888
30;37;22.688454605094094
30;38;21.55403187483939
30;39;20.476330281097418
30;40;19.452513767042547
30;41;18.47988807869042
30;42;17.555893674755897
30;43;16.6780989910181
30;44;15.844194041467194
30;45;15.051984339393833
30;46;14.299385122424141
30;47;13.584415866302933
30;48;12.905195072987786
30;49;12.259935319338396
30;50;11.646938553371475
30;51;11.064591625702901
30;52;10.511362044417755
30;53;9.985793942196867
30;54;9.486504245087023
30;55;9.012179032832671
30;56;8.561570081191038
30;57;8.133491577131485
30;58;7.72681699827491
30;59;7.340476148361164
30;60;6.973452340943106
30;61;6.6247797238959505
30;62;6.293540737701153
30;63;5.9788637008160945
30;64;5.679920515775289
30;65;5.395924489986524
30;66;5.126128265487198
30;67;4.869821852212838
30;68;4.626330759602196
30;69;4.395014221622086
30;70;4.175263510540981
31;1;171.23535738383916
31;2;162.6735895146472
31;3;154.53991003891483
31;4;146.8129145369691
31;5;132.1316230832722
31;6;105.70529846661776
31;7;100.42003354328686
31;8;95.39903186612251
31;9;90.62908027281638
31;10;86.09762625917556
31;11;81.79274494621677
31;12;77.70310769890592
31;13;73.81795231396063
31;14;70.1270546982626
31;15;66.62070196334946
31;16;63.289666865181985
31;17;60.125183521922885
31;18;57.11892434582674
31;19;54.2629781285354
31;20;51.54982922210863
31;21;48.972337761003196
31;22;46.523720872953035
31;23;44.19753482930538
31;24;41.98765808784011
31;25;39.8882751834481
31;26;37.89386142427569
31;27;35.999168353061904
31;28;34.19920993540881
31;29;32.48924943863837
31;30;30.864786966706447
31;31;29.321547618371124
31;32;27.855470237452565
31;33;26.462696725579935
31;34;25.139561889300936
31;35;23.882583794835888
31;36;22.688454605094094
31;37;21.55403187483939
31;38;20.476330281097418
31;39;19.452513767042547
31;40;18.47988807869042
31;41;17.555893674755897
31;42;16.6780989910181
31;43;15.844194041467194
31;44;15.051984339393833
31;45;14.299385122424141
31;46;13.584415866302933
31;47;12.905195072987786
31;48;12.259935319338396
31;49;11.646938553371475
31;50;11.064591625702901
31;51;10.511362044417755
31;52;9.985793942196867
31;53;9.486504245087023
31;54;9.012179032832671
31;55;8.561570081191038
31;56;8.133491577131485
31;57;7.72681699827491
31;58;7.340476148361164
31;59;6.973452340943106
31;60;6.6247797238959505
31;61;6.293540737701153
31;62;5.9788637008160945
31;63;5.679920515775289
31;64;5.395924489986524
31;65;5.126128265487198
31;66;4.869821852212838
31;67;4.626330759602196
31;68;4.395014221622086
31;69;4.175263510540981
31;70;3.966500335013932
32;1;162.6735895146472
32;2;154.53991003891483
32;3;146.8129145369691
32;4;139.47226881012062
32;5;125.52504192910857
32;6;100.42003354328686
32;7;95.39903186612251
32;8;90.62908027281638
32;9;86.09762625917556
32;10;81.79274494621677
32;11;77.70310769890592
32;12;73.81795231396063
32;13;70.1270546982626
32;14;66.62070196334946
32;15;63.289666865181985
32;16;60.125183521922885
32;17;57.11892434582674
32;18;54.2629781285354
32;19;51.54982922210863
32;20;48.972337761003196
32;21;46.523720872953035
32;22;44.19753482930538
32;23;41.98765808784011
32;24;39.8882751834481
32;25;37.89386142427569
32;26;35.999168353061904
32;27;34.19920993540881
32;28;32.48924943863837
32;29;30.864786966706447
32;30;29.321547618371124
32;31;27.855470237452565
32;32;26.462696725579935
32;33;25.139561889300936
32;34;23.882583794835888
32;35;22.688454605094094
32;36;21.55403187483939
32;37;20.476330281097418
32;38;19.452513767042547
32;39;18.47988807869042
32;40;17.555893674755897
32;41;16.6780989910181
32;42;15.844194041467194
32;43;15.051984339393833
32;44;14.299385122424141
32;45;13.584415866302933
32;46;12.905195072987786
32;47;12.259935319338396
32;48;11.646938553371475
32;49;11.064591625702901
32;50;10.511362044417755
32;51;9.985793942196867
32;52;9.486504245087023
32;53;9.012179032832671
32;54;8.561570081191038
32;55;8.133491577131485
32;56;7.72681699827491
32;57;7.340476148361164
32;58;6.973452340943106
32;59;6.6247797238959505
32;60;6.293540737701153
32;61;5.9788637008160945
32;62;5.679920515775289
32;63;5.395924489986524
32;64;5.126128265487198
32;65;4.869821852212838
32;66;4.626330759602196
32;67;4.395014221622086
32;68;4.175263510540981
32;69;3.966500335013932
32;70;3.768175318263235
33;1;154.53991003891483
33;2;146.8129145369691
33;3;139.47226881012062
33;4;132.4986553696146
33;5;119.24878983265315
33;6;95.39903186612253
33;7;90.6290802728164
33;8;86.09762625917557
33;9;81.79274494621679
33;10;77.70310769890594
33;11;73.81795231396063
33;12;70.1270546982626
33;13;66.62070196334946
33;14;63.289666865181985
33;15;60.125183521922885
33;16;57.11892434582674
33;17;54.2629781285354
33;18;51.54982922210863
33;19;48.972337761003196
33;20;46.523720872953035
33;21;44.19753482930538
33;22;41.98765808784011
33;23;39.8882751834481
33;24;37.89386142427569
33;25;35.999168353061904
33;26;34.19920993540881
33;27;32.48924943863837
33;28;30.864786966706447
33;29;29.321547618371124
33;30;27.855470237452565
33;31;26.462696725579935
33;32;25.139561889300936
33;33;23.882583794835888
33;34;22.688454605094094
33;35;21.55403187483939
33;36;20.476330281097418
33;37;19.452513767042547
33;38;18.47988807869042
33;39;17.555893674755897
33;40;16.6780989910181
33;41;15.844194041467194
33;42;15.051984339393833
33;43;14.299385122424141
33;44;13.584415866302933
33;45;12.905195072987786
33;46;12.259935319338396
33;47;11.646938553371475
33;48;11.064591625702901
33;49;10.511362044417755
33;50;9.985793942196867
33;51;9.486504245087023
33;52;9.012179032832671
33;53;8.561570081191038
33;54;8.133491577131485
33;55;7.72681699827491
33;56;7.340476148361164
33;57;6.973452340943106
33;58;6.6247797238959505
33;59;6.293540737701153
33;60;5.9788637008160945
33;61;5.679920515775289
33;62;5.395924489986524
33;63;5.126128265487198
33;64;4.869821852212838
33;65;4.626330759602196
33;66;4.395014221622086
33;67;4.175263510540981
33;68;3.966500335013932
33;69;3.768175318263235
33;70;3.579766552350073
34;1;146.8129145369691
34;2;139.47226881012062
34;3;132.4986553696146
34;4;125.87372260113386
34;5;113.28635034102048
34;6;90.6290802728164
34;7;86.09762625917557
34;8;81.79274494621679
34;9;77.70310769890594
34;10;73.81795231396063
34;11;70.1270546982626
34;12;66.62070196334946
34;13;63.289666865181985
34;14;60.125183521922885
34;15;57.11892434582674
34;16;54.2629781285354
34;17;51.54982922210863
34;18;48.972337761003196
34;19;46.523720872953035
34;20;44.19753482930538
34;21;41.98765808784011
34;22;39.8882751834481
34;23;37.89386142427569
34;24;35.999168353061904
34;25;34.19920993540881
34;26;32.48924943863837
34;27;30.864786966706447
34;28;29.321547618371124
34;29;27.855470237452565
34;30;26.462696725579935
34;31;25.139561889300936
34;32;23.882583794835888
34;33;22.688454605094094
34;34;21.55403187483939
34;35;20.476330281097418
34;36;19.452513767042547
34;37;18.47988807869042
34;38;17.555893674755897
34;39;16.6780989910181
34;40;15.844194041467194
34;41;15.051984339393833
34;42;14.299385122424141
34;43;13.584415866302933
34;44;12.905195072987786
34;45;12.259935319338396
34;46;11.646938553371475
34;47;11.064591625702901
34;48;10.511362044417755
34;49;9.985793942196867
34;50;9.486504245087023
34;51;9.012179032832671
34;52;8.561570081191038
34;53;8.133491577131485
34;54;7.72681699827491
34;55;7.340476148361164
34;56;6.973452340943106
34;57;6.6247797238959505
34;58;6.293540737701153
34;59;5.9788637008160945
34;60;5.679920515775289
34;61;5.395924489986524
34;62;5.126128265487198
34;63;4.869821852212838
34;64;4.626330759602196
34;65;4.395014221622086
34;66;4.175263510540981
34;67;3.966500335013932
34;68;3.768175318263235
34;69;3.579766552350073
34;70;3.4007782247325693
35;1;139.47226881012062
35;2;132.4986553696146
35;3;125.87372260113386
35;4;119.58003647107716
35;5;107.62203282396945
35;6;86.09762625917557
35;7;81.79274494621679
35;8;77.70310769890594
35;9;73.81795231396063
35;10;70.1270546982626
35;11;66.62070196334946
35;12;63.289666865181985
35;13;60.125183521922885
35;14;57.11892434582674
35;15;54.2629781285354
35;16;51.54982922210863
35;17;48.972337761003196
35;18;46.523720872953035
35;19;44.19753482930538
35;20;41.98765808784011
35;21;39.8882751834481
35;22;37.89386142427569
35;23;35.999168353061904
35;24;34.19920993540881
35;25;32.48924943863837
35;26;30.864786966706447
35;27;29.321547618371124
35;28;27.855470237452565
35;29;26.462696725579935
35;30;25.139561889300936
35;31;23.882583794835888
35;32;22.688454605094094
35;33;21.55403187483939
35;34;20.476330281097418
35;35;19.452513767042547
35;36;18.47988807869042
35;37;17.555893674755897
35;38;16.6780989910181
35;39;15.844194041467194
35;40;15.051984339393833
35;41;14.299385122424141
35;42;13.584415866302933
35;43;12.905195072987786
35;44;12.259935319338396
35;45;11.646938553371475
35;46;11.064591625702901
35;47;10.511362044417755
35;48;9.985793942196867
35;49;9.486504245087023
35;50;9.012179032832671
35;51;8.561570081191038
35;52;8.133491577131485
35;53;7.72681699827491
35;54;7.340476148361164
35;55;6.973452340943106
35;56;6.6247797238959505
35;57;6.293540737701153
35;58;5.9788637008160945
35;59;5.679920515775289
35;60;5.395924489986524
35;61;5.126128265487198
35;62;4.869821852212838
35;63;4.626330759602196
35;64;4.395014221622086
35;65;4.175263510540981
35;66;3.966500335013932
35;67;3.768175318263235
35;68;3.579766552350073
35;69;3.4007782247325693
35;70;3.2307393134959406
36;1;132.4986553696146
36;2;125.87372260113386
36;3;119.58003647107716
36;4;113.6010346475233
36;5;102.24093118277098
36;6;81.79274494621679
36;7;77.70310769890594
36;8;73.81795231396063
36;9;70.1270546982626
36;10;66.62070196334946
36;11;63.289666865181985
36;12;60.125183521922885
36;13;57.11892434582674
36;14;54.2629781285354
36;15;51.54982922210863
36;16;48.972337761003196
36;17;46.523720872953035
36;18;44.19753482930538
36;19;41.98765808784011
36;20;39.8882751834481
36;21;37.89386142427569
36;22;35.999168353061904
36;23;34.19920993540881
36;24;32.48924943863837
36;25;30.864786966706447
36;26;29.321547618371124
36;27;27.855470237452565
36;28;26.462696725579935
36;29;25.139561889300936
36;30;23.882583794835888
36;31;22.688454605094094
36;32;21.55403187483939
36;33;20.476330281097418
36;34;19.452513767042547
36;35;18.47988807869042
36;36;17.555893674755897
36;37;16.6780989910181
36;38;15.844194041467194
36;39;15.051984339393833
36;40;14.299385122424141
36;41;13.584415866302933
36;42;12.905195072987786
36;43;12.259935319338396
36;44;11.646938553371475
36;45;11.064591625702901
36;46;10.511362044417755
36;47;9.985793942196867
36;48;9.486504245087023
36;49;9.012179032832671
36;50;8.561570081191038
36;51;8.133491577131485
36;52;7.72681699827491
36;53;7.340476148361164
36;54;6.973452340943106
36;55;6.6247797238959505
36;56;6.293540737701153
36;57;5.9788637008160945
36;58;5.679920515775289
36;59;5.395924489986524
36;60;5.126128265487198
36;61;4.869821852212838
36;62;4.626330759602196
36;63;4.395014221622086
36;64;4.175263510540981
36;65;3.966500335013932
36;66;3.768175318263235
36;67;3.579766552350073
36;68;3.4007782247325693
36;69;3.2307393134959406
36;70;3.069202347821143
37;1;125.87372260113386
37;2;119.58003647107716
37;3;113.6010346475233
37;4;107.92098291514714
37;5;97.12888462363243
37;6;77.70310769890595
37;7;73.81795231396065
37;8;70.12705469826261
37;9;66.62070196334948
37;10;63.289666865182
37;11;60.1251835219229
37;12;57.11892434582675
37;13;54.26297812853541
37;14;51.549829222108634
37;15;48.9723377610032
37;16;46.52372087295304
37;17;44.19753482930539
37;18;41.98765808784012
37;19;39.88827518344811
37;20;37.8938614242757
37;21;35.99916835306191
37;22;34.19920993540882
37;23;32.489249438638375
37;24;30.864786966706454
37;25;29.32154761837113
37;26;27.855470237452572
37;27;26.462696725579942
37;28;25.139561889300943
37;29;23.882583794835895
37;30;22.6884546050941
37;31;21.554031874839396
37;32;20.476330281097425
37;33;19.452513767042554
37;34;18.479888078690426
37;35;17.555893674755904
37;36;16.678098991018107
37;37;15.844194041467201
37;38;15.05198433939384
37;39;14.299385122424148
37;40;13.58441586630294
37;41;12.905195072987793
37;42;12.259935319338403
37;43;11.646938553371482
37;44;11.064591625702908
37;45;10.511362044417762
37;46;9.985793942196873
37;47;9.486504245087028
37;48;9.012179032832677
37;49;8.561570081191043
37;50;8.13349157713149
37;51;7.7268169982749155
37;52;7.340476148361169
37;53;6.97345234094311
37;54;6.624779723895954
37;55;6.293540737701156
37;56;5.978863700816098
37;57;5.679920515775293
37;58;5.395924489986528
37;59;5.126128265487201
37;60;4.869821852212841
37;61;4.626330759602198
37;62;4.395014221622088
37;63;4.175263510540984
37;64;3.9665003350139343
37;65;3.7681753182632374
37;66;3.5797665523500752
37;67;3.4007782247325715
37;68;3.230739313495943
37;69;3.0692023478211454
37;70;2.915742230430088
